Date	Price	Open	High	Low	Change %
Jul 31, 2016	620.89	646.37	649.00	620.00	-3.94%
Jul 30, 2016	646.37	648.00	650.00	645.51	-0.25%
Jul 29, 2016	648.00	647.97	650.00	645.36	0.15%
Jul 27, 2016	647.00	648.05	651.80	643.00	-0.16%
Jul 26, 2016	648.05	648.00	653.00	641.01	0.01%
Jul 25, 2016	648.00	653.41	656.71	645.00	-0.83%
Jul 24, 2016	653.41	650.00	658.06	645.34	0.52%
Jul 23, 2016	650.00	645.00	652.00	642.00	0.78%
Jul 22, 2016	645.00	659.83	660.87	640.00	-2.25%
Jul 21, 2016	659.83	655.92	661.10	650.55	0.60%
Jul 20, 2016	655.92	661.22	663.00	652.39	-0.80%
Jul 19, 2016	661.22	656.35	663.70	655.00	0.61%
Jul 18, 2016	657.22	665.80	668.81	654.10	-1.23%
Jul 17, 2016	665.43	649.28	669.01	647.00	2.53%
Jul 16, 2016	649.00	651.79	654.90	646.42	-0.43%
Jul 15, 2016	651.79	644.60	655.00	644.24	1.12%
Jul 14, 2016	644.60	645.01	652.00	642.99	-0.06%
Jul 13, 2016	645.01	650.20	659.00	645.00	-1.23%
Jul 12, 2016	653.01	636.60	660.00	635.00	2.58%
Jul 11, 2016	636.60	635.89	644.89	630.00	0.11%
Jul 10, 2016	635.89	638.00	639.00	626.42	-0.33%
Jul 09, 2016	638.00	646.00	648.50	620.03	-1.24%
Jul 08, 2016	646.00	623.32	646.00	620.11	3.36%
Jul 07, 2016	625.00	656.00	660.00	589.71	-4.73%
Jul 06, 2016	656.00	650.50	662.50	650.50	0.85%
Jul 05, 2016	650.50	661.23	664.88	645.00	-1.91%
Jul 04, 2016	663.14	650.10	665.84	641.05	2.00%
Jul 03, 2016	650.10	684.00	685.76	642.78	-4.96%
Jul 02, 2016	684.00	662.75	687.80	658.90	3.36%
Jul 01, 2016	661.78	662.31	674.00	648.18	-0.08%
Jun 30, 2016	662.31	623.11	662.89	618.00	6.29%
Jun 29, 2016	623.11	622.68	630.00	605.01	-0.05%
Jun 28, 2016	623.42	635.01	640.00	622.68	-1.83%
Jun 27, 2016	635.01	607.30	635.01	600.00	4.56%
Jun 26, 2016	607.30	637.90	641.40	600.00	-4.80%
Jun 25, 2016	637.90	636.00	660.00	627.34	0.30%
Jun 24, 2016	636.00	596.90	669.00	596.90	6.55%
Jun 23, 2016	596.90	545.90	606.00	522.48	9.34%
Jun 22, 2016	545.90	638.29	666.39	538.00	-14.24%
Jun 21, 2016	636.57	703.00	705.19	607.99	-9.45%
Jun 20, 2016	703.00	729.85	733.00	698.96	-3.68%
Jun 19, 2016	729.85	724.00	735.00	718.00	0.81%
Jun 18, 2016	724.00	720.99	745.00	712.77	0.42%
Jun 17, 2016	720.99	729.77	735.13	680.00	-1.20%
Jun 16, 2016	729.77	669.43	740.00	662.00	9.01%
Jun 15, 2016	669.43	672.61	678.90	650.00	-0.47%
Jun 14, 2016	672.61	680.81	686.00	638.00	-1.29%
Jun 13, 2016	681.39	632.57	690.00	624.50	7.72%
Jun 12, 2016	632.57	589.99	646.00	584.46	7.22%
Jun 11, 2016	589.99	566.52	590.00	565.00	4.14%
Jun 10, 2016	566.52	562.74	568.20	561.10	0.67%
Jun 09, 2016	562.74	568.95	570.00	558.85	-1.09%
Jun 08, 2016	568.95	563.10	573.22	561.01	1.11%
Jun 07, 2016	562.70	577.70	584.00	552.60	-2.60%
Jun 06, 2016	577.70	562.30	578.91	560.23	2.74%
Jun 05, 2016	562.30	560.50	569.15	557.56	0.32%
Jun 04, 2016	560.50	551.00	578.00	548.11	1.72%
Jun 03, 2016	551.00	526.95	555.00	525.01	4.56%
Jun 02, 2016	526.95	524.77	529.00	521.00	0.42%
Jun 01, 2016	524.77	513.69	527.89	511.14	2.16%
May 31, 2016	513.69	525.89	538.00	508.11	-2.32%
May 30, 2016	525.89	509.74	535.43	507.60	3.17%
May 29, 2016	509.74	505.00	545.00	492.00	0.24%
May 28, 2016	508.50	468.00	510.05	466.58	8.65%
May 27, 2016	468.00	450.90	474.00	450.00	3.79%
May 26, 2016	450.90	450.78	453.00	447.00	0.03%
May 25, 2016	450.78	445.70	450.78	445.70	1.14%
May 24, 2016	445.70	444.79	448.99	443.10	0.21%
May 23, 2016	444.79	439.27	445.85	437.90	1.26%
May 22, 2016	439.27	442.00	443.83	437.30	-0.47%
May 21, 2016	441.33	440.54	444.50	439.50	0.13%
May 20, 2016	440.76	438.47	445.38	435.53	0.52%
May 19, 2016	438.47	453.65	455.00	434.86	-3.35%
May 18, 2016	453.65	452.00	456.68	451.20	0.14%
May 17, 2016	453.00	452.69	455.00	451.01	0.07%
May 16, 2016	452.69	456.46	457.50	451.10	-0.83%
May 15, 2016	456.46	455.93	459.08	452.40	0.12%
May 14, 2016	455.93	451.23	456.01	451.00	1.04%
May 13, 2016	451.23	451.15	455.00	449.98	0.02%
May 12, 2016	451.15	451.04	453.00	448.00	0.03%
May 11, 2016	451.04	447.50	453.40	447.34	0.71%
May 10, 2016	447.87	454.17	457.31	446.28	-1.39%
May 09, 2016	454.17	452.27	458.00	450.00	0.35%
May 08, 2016	452.60	454.19	455.04	450.92	-0.35%
May 07, 2016	454.19	452.27	455.00	450.92	0.42%
May 06, 2016	452.27	443.34	455.00	442.53	1.63%
May 05, 2016	445.01	442.04	445.50	441.01	0.67%
May 04, 2016	442.04	447.00	448.74	441.01	-1.11%
May 03, 2016	447.00	443.45	448.09	439.80	0.80%
May 02, 2016	443.45	449.00	450.21	440.00	-1.23%
May 01, 2016	449.00	447.24	450.99	445.51	0.39%
Apr 30, 2016	447.24	450.00	452.58	445.50	-0.61%
Apr 29, 2016	450.00	442.60	451.42	441.30	1.67%
Apr 28, 2016	442.60	444.00	446.87	436.00	-0.29%
Apr 27, 2016	443.89	460.00	461.66	443.00	-3.50%
Apr 26, 2016	460.00	453.32	462.34	452.45	1.47%
Apr 25, 2016	453.32	445.88	458.33	445.88	1.41%
Apr 24, 2016	447.00	444.07	449.78	443.30	0.66%
Apr 23, 2016	444.07	435.51	444.09	435.51	1.96%
Apr 22, 2016	435.51	443.59	444.44	435.10	-1.82%
Apr 21, 2016	443.59	435.77	444.00	434.00	1.79%
Apr 20, 2016	435.77	429.00	437.99	427.55	1.58%
Apr 19, 2016	429.00	425.19	430.00	423.00	0.89%
Apr 18, 2016	425.20	423.50	427.00	420.00	0.40%
Apr 17, 2016	423.50	426.92	428.32	420.00	-0.80%
Apr 16, 2016	426.92	424.99	429.00	423.00	0.46%
Apr 15, 2016	424.99	420.00	427.00	419.92	1.19%
Apr 14, 2016	420.00	418.37	421.20	418.11	0.39%
Apr 13, 2016	418.37	419.23	421.70	417.27	-0.21%
Apr 12, 2016	419.23	417.57	421.70	416.98	0.38%
Apr 11, 2016	417.65	416.60	418.40	414.01	0.25%
Apr 10, 2016	416.60	416.90	418.41	414.44	-0.07%
Apr 09, 2016	416.90	414.50	417.20	412.00	0.58%
Apr 08, 2016	414.50	417.39	419.00	413.78	-0.69%
Apr 07, 2016	417.39	418.00	418.92	415.01	-0.14%
Apr 06, 2016	418.00	419.12	420.00	415.99	-0.27%
Apr 05, 2016	419.12	417.30	421.00	415.50	0.57%
Apr 04, 2016	416.73	415.55	417.50	412.00	0.28%
Apr 03, 2016	415.55	415.87	417.50	414.04	-0.08%
Apr 02, 2016	415.87	414.30	418.00	413.05	0.43%
Apr 01, 2016	414.08	413.00	415.00	410.00	0.26%
Mar 31, 2016	413.00	412.44	416.50	410.00	0.14%
Mar 30, 2016	412.44	415.00	415.40	409.13	-0.62%
Mar 29, 2016	415.00	419.99	422.86	408.48	-1.19%
Mar 28, 2016	419.99	420.29	423.45	417.35	-0.11%
Mar 27, 2016	420.45	416.09	426.34	412.70	1.05%
Mar 26, 2016	416.09	414.21	416.91	412.01	0.45%
Mar 25, 2016	414.21	414.20	416.90	412.51	0.00%
Mar 24, 2016	414.20	415.97	417.77	412.37	-0.42%
Mar 23, 2016	415.97	415.41	420.00	412.35	0.14%
Mar 22, 2016	415.41	410.99	416.88	410.00	1.07%
Mar 21, 2016	410.99	411.82	413.24	409.54	-0.20%
Mar 20, 2016	411.82	409.51	414.30	408.05	0.56%
Mar 19, 2016	409.51	409.51	412.56	405.10	0.00%
Mar 18, 2016	409.51	417.44	417.88	404.27	-1.90%
Mar 17, 2016	417.44	415.90	418.00	414.35	0.37%
Mar 16, 2016	415.90	415.09	416.94	412.79	0.20%
Mar 15, 2016	415.05	414.50	416.41	411.32	0.13%
Mar 14, 2016	414.50	414.89	416.60	409.84	-0.10%
Mar 13, 2016	414.89	412.00	415.00	411.36	0.70%
Mar 12, 2016	412.00	417.29	417.50	408.74	-1.27%
Mar 11, 2016	417.29	416.00	422.00	415.20	0.32%
Mar 10, 2016	415.97	413.00	416.49	409.30	0.72%
Mar 09, 2016	413.00	410.95	417.57	408.97	0.50%
Mar 08, 2016	410.95	414.11	416.00	407.56	-0.34%
Mar 07, 2016	412.34	407.96	418.29	405.00	1.07%
Mar 06, 2016	407.96	401.94	415.00	398.54	1.50%
Mar 05, 2016	401.94	410.19	413.01	394.00	-2.00%
Mar 04, 2016	410.16	419.82	425.81	408.00	-2.30%
Mar 03, 2016	419.82	424.09	427.28	418.54	-1.08%
Mar 02, 2016	424.38	435.18	436.49	423.67	-2.48%
Mar 01, 2016	435.18	433.92	440.00	430.00	0.29%
Feb 29, 2016	433.92	429.75	437.78	429.00	0.74%
Feb 28, 2016	430.71	429.15	434.87	422.80	0.34%
Feb 27, 2016	429.26	431.87	434.28	428.40	-0.61%
Feb 26, 2016	431.90	422.10	432.00	419.22	2.32%
Feb 25, 2016	422.10	421.00	427.20	418.59	0.26%
Feb 24, 2016	421.00	420.89	425.10	413.40	0.03%
Feb 23, 2016	420.89	436.30	438.00	413.60	-3.53%
Feb 22, 2016	436.30	434.00	438.85	428.31	0.53%
Feb 21, 2016	434.00	432.58	445.00	426.50	0.33%
Feb 20, 2016	432.58	418.77	439.98	417.88	3.24%
Feb 19, 2016	419.00	419.54	421.35	414.80	-0.10%
Feb 18, 2016	419.41	415.64	425.00	413.47	0.91%
Feb 17, 2016	415.64	406.23	421.50	405.00	2.32%
Feb 16, 2016	406.23	400.50	409.73	399.00	1.43%
Feb 15, 2016	400.50	407.49	410.00	397.00	-1.72%
Feb 14, 2016	407.49	393.63	407.50	393.53	3.56%
Feb 13, 2016	393.47	387.56	394.00	387.55	1.53%
Feb 12, 2016	387.56	384.01	391.24	382.33	0.92%
Feb 11, 2016	384.01	383.50	387.00	380.11	0.16%
Feb 10, 2016	383.39	378.84	389.45	377.00	1.20%
Feb 09, 2016	378.84	374.76	380.00	374.41	1.09%
Feb 08, 2016	374.76	378.13	382.00	374.10	-0.62%
Feb 07, 2016	377.10	382.50	383.82	375.20	-1.41%
Feb 06, 2016	382.50	388.42	388.49	378.00	-1.53%
Feb 05, 2016	388.42	390.62	392.50	385.87	-0.56%
Feb 04, 2016	390.62	369.09	392.00	368.00	5.83%
Feb 03, 2016	369.09	378.47	379.89	365.94	-2.48%
Feb 02, 2016	378.47	377.77	381.50	375.00	0.18%
Feb 01, 2016	377.80	372.27	381.00	371.54	1.48%
Jan 31, 2016	372.27	380.77	383.00	369.96	-2.23%
Jan 30, 2016	380.77	382.72	384.00	377.00	-0.51%
Jan 29, 2016	382.72	382.00	385.90	366.50	0.19%
Jan 28, 2016	382.00	396.15	396.65	380.72	-3.57%
Jan 27, 2016	396.15	394.08	398.61	392.35	0.53%
Jan 26, 2016	394.08	395.50	399.00	391.60	-0.37%
Jan 25, 2016	395.54	401.53	405.00	390.50	-1.49%
Jan 24, 2016	401.53	390.14	403.00	389.18	2.92%
Jan 23, 2016	390.14	386.85	396.97	384.80	0.67%
Jan 22, 2016	387.54	410.90	411.86	380.00	-5.68%
Jan 21, 2016	410.90	419.89	423.33	402.95	-2.14%
Jan 20, 2016	419.89	380.01	425.51	375.38	10.50%
Jan 19, 2016	380.01	385.19	388.00	379.00	-1.34%
Jan 18, 2016	385.19	381.31	388.00	374.78	1.05%
Jan 17, 2016	381.20	385.63	390.14	377.15	-0.99%
Jan 16, 2016	385.00	360.00	390.00	350.00	6.94%
Jan 15, 2016	360.00	430.00	430.00	360.00	-16.28%
Jan 14, 2016	430.00	430.97	434.08	427.52	-0.24%
Jan 13, 2016	431.02	435.97	438.62	426.50	-1.01%
Jan 12, 2016	435.40	446.54	447.50	435.40	-2.49%
Jan 11, 2016	446.54	446.00	448.00	441.82	0.12%
Jan 10, 2016	446.00	444.65	446.00	437.01	0.30%
Jan 09, 2016	444.65	450.68	451.50	441.00	-1.29%
Jan 08, 2016	450.46	453.45	455.00	443.10	-0.66%
Jan 07, 2016	453.45	429.30	453.82	428.83	5.74%
Jan 06, 2016	428.85	430.00	430.78	425.98	-0.27%
Jan 05, 2016	430.00	431.99	435.00	429.50	-0.46%
Jan 04, 2016	431.99	427.31	433.00	425.10	1.10%
Jan 03, 2016	427.29	430.06	431.03	423.12	-0.64%
Jan 02, 2016	430.06	429.50	432.10	428.18	0.13%
Jan 01, 2016	429.50	427.96	430.50	424.70	0.36%
Dec 31, 2015	427.96	424.99	430.00	417.66	0.49%
Dec 30, 2015	425.89	433.85	434.50	422.51	-1.86%
Dec 29, 2015	433.95	420.00	434.49	420.00	3.32%
Dec 28, 2015	420.00	422.41	428.60	416.45	-0.57%
Dec 27, 2015	422.41	415.69	426.99	406.14	1.62%
Dec 26, 2015	415.69	450.99	451.50	401.16	-7.83%
Dec 25, 2015	450.99	450.82	453.50	445.51	0.04%
Dec 24, 2015	450.82	440.65	456.34	440.40	2.37%
Dec 23, 2015	440.39	435.54	443.86	434.98	1.11%
Dec 22, 2015	435.54	436.50	443.00	433.24	-0.25%
Dec 21, 2015	436.65	440.05	440.80	425.33	-0.78%
Dec 20, 2015	440.10	455.55	457.93	430.00	-3.39%
Dec 19, 2015	455.55	456.54	460.49	450.00	-0.22%
Dec 18, 2015	456.54	449.26	458.79	446.89	1.62%
Dec 17, 2015	449.26	446.34	451.16	440.00	0.65%
Dec 16, 2015	446.34	458.80	459.40	435.78	-2.74%
Dec 15, 2015	458.92	440.82	459.17	440.00	4.11%
Dec 14, 2015	440.82	427.36	443.65	424.00	3.15%
Dec 13, 2015	427.36	428.52	435.00	416.25	-0.27%
Dec 12, 2015	428.52	441.44	452.70	403.22	-2.93%
Dec 11, 2015	441.47	412.80	445.00	412.00	6.95%
Dec 10, 2015	412.80	411.31	417.27	406.00	0.22%
Dec 09, 2015	411.90	413.56	422.00	400.00	-0.61%
Dec 08, 2015	414.41	387.46	414.94	383.76	6.81%
Dec 07, 2015	388.00	381.77	390.70	379.20	1.57%
Dec 06, 2015	382.00	382.88	392.48	379.99	-0.23%
Dec 05, 2015	382.88	357.73	384.99	357.72	7.03%
Dec 04, 2015	357.73	357.76	359.99	352.64	-0.01%
Dec 03, 2015	357.76	355.25	365.00	351.76	0.71%
Dec 02, 2015	355.25	360.00	361.20	345.28	-1.32%
Dec 01, 2015	360.00	373.81	376.00	353.00	-3.70%
Nov 30, 2015	373.81	368.70	379.80	365.08	1.40%
Nov 29, 2015	368.67	353.25	370.56	353.00	4.36%
Nov 28, 2015	353.25	351.96	354.45	345.00	0.37%
Nov 27, 2015	351.96	342.36	358.89	339.46	2.80%
Nov 26, 2015	342.36	327.00	367.51	326.74	4.70%
Nov 25, 2015	327.00	317.95	328.74	315.00	2.85%
Nov 24, 2015	317.95	319.69	320.34	314.90	-0.55%
Nov 23, 2015	319.69	321.01	322.00	318.44	-0.41%
Nov 22, 2015	321.00	323.99	324.00	315.94	-0.83%
Nov 21, 2015	323.70	319.20	327.00	317.50	1.41%
Nov 20, 2015	319.20	323.24	324.00	309.00	-1.25%
Nov 19, 2015	323.24	331.40	332.54	320.43	-2.46%
Nov 18, 2015	331.40	330.73	333.30	326.05	0.06%
Nov 17, 2015	331.21	326.29	334.00	325.50	1.50%
Nov 16, 2015	326.31	315.64	327.82	310.64	3.38%
Nov 15, 2015	315.64	330.13	330.50	311.68	-4.55%
Nov 14, 2015	330.70	333.41	335.57	324.40	-0.81%
Nov 13, 2015	333.41	334.08	338.00	324.14	-0.22%
Nov 12, 2015	334.15	310.77	339.69	309.96	8.17%
Nov 11, 2015	308.91	337.68	344.13	297.00	-8.55%
Nov 10, 2015	337.78	372.33	375.00	328.00	-9.28%
Nov 09, 2015	372.33	365.31	375.90	354.10	1.92%
Nov 08, 2015	365.31	373.00	379.50	358.70	-1.67%
Nov 07, 2015	371.50	363.44	380.00	361.77	2.22%
Nov 06, 2015	363.44	381.09	387.18	337.23	-4.84%
Nov 05, 2015	381.94	404.80	440.00	363.45	-5.65%
Nov 04, 2015	404.80	375.00	459.20	373.27	8.16%
Nov 03, 2015	374.25	334.77	398.02	327.00	11.79%
Nov 02, 2015	334.77	305.74	338.88	304.40	9.49%
Nov 01, 2015	305.74	303.47	310.01	297.12	0.75%
Oct 31, 2015	303.47	313.21	318.00	300.01	-3.11%
Oct 30, 2015	313.21	302.80	321.92	301.48	3.12%
Oct 29, 2015	303.74	298.00	311.85	295.00	2.02%
Oct 28, 2015	297.73	289.89	300.00	288.32	2.70%
Oct 27, 2015	289.89	281.99	293.00	281.10	2.85%
Oct 26, 2015	281.85	276.23	281.99	274.42	1.93%
Oct 25, 2015	276.52	277.00	288.96	274.10	-0.19%
Oct 24, 2015	277.05	270.61	277.90	270.01	2.38%
Oct 23, 2015	270.61	269.00	272.90	267.05	0.60%
Oct 22, 2015	269.00	263.38	272.49	263.00	2.13%
Oct 21, 2015	263.38	266.47	269.03	260.20	-1.16%
Oct 20, 2015	266.47	261.31	269.74	260.94	1.97%
Oct 19, 2015	261.31	258.96	262.20	256.90	0.91%
Oct 18, 2015	258.96	265.16	268.33	256.98	-2.36%
Oct 17, 2015	265.22	259.45	273.00	259.23	1.98%
Oct 16, 2015	260.07	253.57	264.57	252.29	2.61%
Oct 15, 2015	253.46	250.25	256.00	249.40	1.28%
Oct 14, 2015	250.26	245.72	252.87	245.50	1.85%
Oct 13, 2015	245.72	242.27	248.04	240.00	1.43%
Oct 12, 2015	242.26	244.44	245.00	241.26	-0.89%
Oct 11, 2015	244.44	242.91	245.04	241.50	0.20%
Oct 10, 2015	243.95	242.50	244.00	240.55	0.60%
Oct 09, 2015	242.50	241.00	242.90	239.00	0.62%
Oct 08, 2015	241.00	240.70	243.66	240.00	0.12%
Oct 07, 2015	240.72	244.02	244.93	239.50	-1.35%
Oct 06, 2015	244.02	238.39	245.18	237.10	2.36%
Oct 05, 2015	238.39	236.41	238.73	234.90	0.93%
Oct 04, 2015	236.20	236.72	237.20	235.00	-0.22%
Oct 03, 2015	236.72	234.40	237.40	233.50	1.02%
Oct 02, 2015	234.32	235.65	237.20	233.35	-0.56%
Oct 01, 2015	235.65	234.37	237.00	232.22	0.55%
Sep 30, 2015	234.37	235.35	237.00	233.00	-0.42%
Sep 29, 2015	235.35	236.42	237.90	234.02	-0.45%
Sep 28, 2015	236.42	231.61	237.19	230.99	2.08%
Sep 27, 2015	231.61	233.31	234.56	230.83	-0.73%
Sep 26, 2015	233.31	231.97	234.19	230.14	0.58%
Sep 25, 2015	231.97	232.38	236.01	230.28	-0.17%
Sep 24, 2015	232.38	228.60	234.40	228.60	1.65%
Sep 23, 2015	228.60	228.43	230.61	224.92	0.08%
Sep 22, 2015	228.43	224.76	230.50	224.00	1.63%
Sep 21, 2015	224.76	229.59	230.00	224.05	-2.10%
Sep 20, 2015	229.59	229.57	231.37	228.42	0.01%
Sep 19, 2015	229.57	229.90	230.47	227.23	-0.14%
Sep 18, 2015	229.90	231.32	234.71	228.15	-0.61%
Sep 17, 2015	231.32	227.42	234.59	226.55	1.71%
Sep 16, 2015	227.42	226.99	229.50	224.17	0.19%
Sep 15, 2015	226.99	228.00	230.00	226.00	-0.44%
Sep 14, 2015	228.00	228.74	230.00	226.11	-0.33%
Sep 13, 2015	228.74	231.42	233.99	226.03	-1.07%
Sep 12, 2015	231.23	238.08	239.01	229.74	-2.82%
Sep 11, 2015	237.93	237.08	238.97	235.51	0.36%
Sep 10, 2015	237.08	236.00	239.16	230.35	0.46%
Sep 09, 2015	236.00	241.97	243.50	233.01	-2.47%
Sep 08, 2015	241.97	237.65	246.00	237.10	1.82%
Sep 07, 2015	237.65	235.00	243.00	234.00	1.13%
Sep 06, 2015	235.00	230.58	238.59	229.38	1.88%
Sep 05, 2015	230.67	226.39	231.99	224.50	1.89%
Sep 04, 2015	226.39	224.91	227.00	222.25	0.66%
Sep 03, 2015	224.92	225.42	226.00	222.50	-0.22%
Sep 02, 2015	225.42	223.78	227.17	220.74	0.73%
Sep 01, 2015	223.78	228.00	229.48	221.99	-1.85%
Aug 31, 2015	228.00	224.99	229.00	222.23	1.34%
Aug 30, 2015	224.99	226.50	228.18	222.42	-0.67%
Aug 29, 2015	226.50	227.50	229.88	224.00	-0.44%
Aug 28, 2015	227.50	220.16	231.00	216.12	3.34%
Aug 27, 2015	220.14	222.85	225.25	217.00	-1.25%
Aug 26, 2015	222.92	218.41	227.89	217.90	1.97%
Aug 25, 2015	218.60	201.91	223.41	192.74	8.17%
Aug 24, 2015	202.10	222.48	224.00	201.10	-9.16%
Aug 23, 2015	222.48	225.50	227.50	219.86	-1.34%
Aug 22, 2015	225.51	227.46	230.00	217.62	-0.86%
Aug 21, 2015	227.46	230.78	233.35	225.00	-1.11%
Aug 20, 2015	230.01	218.17	234.74	218.16	5.44%
Aug 19, 2015	218.15	227.45	234.10	211.08	-4.10%
Aug 18, 2015	227.49	254.84	255.76	220.51	-10.73%
Aug 17, 2015	254.84	256.49	258.00	252.00	-0.64%
Aug 16, 2015	256.49	256.21	258.99	250.38	0.11%
Aug 15, 2015	256.21	261.07	263.93	255.10	-1.86%
Aug 14, 2015	261.07	259.06	265.00	258.00	0.72%
Aug 13, 2015	259.20	259.60	262.60	257.50	-0.15%
Aug 12, 2015	259.60	268.90	269.63	259.50	-3.45%
Aug 11, 2015	268.87	258.30	268.90	257.23	4.09%
Aug 10, 2015	258.30	259.60	263.62	256.65	-0.50%
Aug 09, 2015	259.60	252.83	264.69	252.29	2.50%
Aug 08, 2015	253.26	274.00	274.60	252.00	-7.50%
Aug 07, 2015	273.79	275.48	275.88	270.00	-0.61%
Aug 06, 2015	275.48	278.00	279.00	273.01	-0.91%
Aug 05, 2015	278.00	280.57	281.88	276.50	-0.92%
Aug 04, 2015	280.57	278.17	282.23	276.79	0.90%
Aug 03, 2015	278.08	279.48	282.71	277.00	-0.50%
Aug 02, 2015	279.48	277.94	279.90	275.10	0.55%
Aug 01, 2015	277.96	280.66	280.83	275.60	-0.96%
Jul 31, 2015	280.66	283.54	284.20	276.90	-1.02%
Jul 30, 2015	283.54	283.11	286.00	281.40	0.02%
Jul 29, 2015	283.48	287.74	288.83	282.01	-1.48%
Jul 28, 2015	287.74	285.77	290.00	284.61	0.69%
Jul 27, 2015	285.77	285.75	288.60	280.51	0.01%
Jul 26, 2015	285.75	283.50	289.00	282.50	0.79%
Jul 25, 2015	283.50	284.32	287.23	280.30	-0.53%
Jul 24, 2015	285.00	272.16	288.80	271.00	4.72%
Jul 23, 2015	272.15	272.50	274.00	270.00	0.01%
Jul 22, 2015	272.14	270.50	275.00	268.86	0.77%
Jul 21, 2015	270.05	274.00	278.78	268.93	-1.44%
Jul 20, 2015	274.00	266.86	275.00	265.50	2.68%
Jul 19, 2015	266.86	267.58	270.50	263.29	-0.27%
Jul 18, 2015	267.58	274.19	280.00	246.47	-2.41%
Jul 17, 2015	274.18	276.62	280.00	269.00	-0.88%
Jul 16, 2015	276.62	279.00	286.97	271.00	-0.85%
Jul 15, 2015	279.00	283.20	289.44	277.04	-1.48%
Jul 14, 2015	283.20	285.80	292.96	282.10	-0.91%
Jul 13, 2015	285.80	307.18	307.18	270.00	-6.95%
Jul 12, 2015	307.15	288.00	310.23	287.05	6.65%
Jul 11, 2015	288.00	281.50	296.01	278.89	2.31%
Jul 10, 2015	281.50	264.35	298.23	263.20	6.41%
Jul 09, 2015	264.54	268.18	270.90	264.54	0.02%
Jul 08, 2015	264.49	262.50	271.00	261.64	0.76%
Jul 07, 2015	262.50	266.14	267.13	260.02	-1.37%
Jul 06, 2015	266.14	267.00	272.57	263.07	-0.22%
Jul 05, 2015	266.73	259.99	270.00	255.00	2.59%
Jul 04, 2015	259.99	253.91	260.29	251.00	2.40%
Jul 03, 2015	253.91	254.00	255.99	252.50	-0.04%
Jul 02, 2015	254.00	256.20	259.95	253.54	-0.86%
Jul 01, 2015	256.20	261.74	264.00	254.85	-2.10%
Jun 30, 2015	261.68	255.90	269.40	255.22	1.79%
Jun 29, 2015	257.09	246.76	257.25	246.74	4.15%
Jun 28, 2015	246.86	249.47	250.00	245.33	-0.99%
Jun 27, 2015	249.33	242.78	250.00	242.65	2.70%
Jun 26, 2015	242.78	244.46	244.58	241.00	-0.69%
Jun 25, 2015	244.46	240.73	245.30	240.20	1.55%
Jun 24, 2015	240.73	244.04	246.07	240.10	-1.36%
Jun 23, 2015	244.04	247.26	247.99	242.51	-1.50%
Jun 22, 2015	247.75	244.30	249.40	243.30	1.41%
Jun 21, 2015	244.30	245.14	246.95	240.57	-0.34%
Jun 20, 2015	245.14	243.82	249.09	240.00	0.54%
Jun 19, 2015	243.82	248.07	250.00	242.00	-1.72%
Jun 18, 2015	248.07	248.43	251.59	244.01	-0.14%
Jun 17, 2015	248.43	250.12	256.57	244.91	-0.63%
Jun 16, 2015	250.00	237.00	253.37	236.11	5.49%
Jun 15, 2015	237.00	234.42	239.48	234.30	1.10%
Jun 14, 2015	234.42	233.61	235.94	233.00	0.35%
Jun 13, 2015	233.61	231.20	234.00	230.22	1.04%
Jun 12, 2015	231.20	230.79	233.05	230.30	0.18%
Jun 11, 2015	230.79	230.44	231.80	229.79	0.15%
Jun 10, 2015	230.44	229.95	232.10	229.20	0.24%
Jun 09, 2015	229.88	228.69	232.53	227.59	0.52%
Jun 08, 2015	228.69	225.24	230.68	224.66	1.53%
Jun 07, 2015	225.24	227.76	228.40	224.89	-1.11%
Jun 06, 2015	227.76	227.02	228.40	225.70	0.47%
Jun 05, 2015	226.69	225.92	228.00	224.12	0.48%
Jun 04, 2015	225.62	227.50	228.60	224.48	-0.83%
Jun 03, 2015	227.50	226.64	229.36	226.00	0.36%
Jun 02, 2015	226.68	223.73	229.67	223.71	1.32%
Jun 01, 2015	223.73	231.04	232.84	222.10	-3.16%
May 31, 2015	231.04	235.09	235.79	230.00	-1.72%
May 30, 2015	235.09	237.98	238.00	232.87	-1.21%
May 29, 2015	237.98	239.01	240.00	236.97	-0.43%
May 28, 2015	239.01	239.00	239.99	237.66	0.00%
May 27, 2015	239.00	238.11	240.10	237.53	0.37%
May 26, 2015	238.11	238.30	240.34	236.21	-0.08%
May 25, 2015	238.30	242.03	243.22	236.82	-1.54%
May 24, 2015	242.03	239.84	244.00	240.00	0.91%
May 23, 2015	239.84	240.60	242.90	239.11	-0.32%
May 22, 2015	240.60	235.59	243.32	235.00	2.13%
May 21, 2015	235.59	234.43	237.30	233.29	0.49%
May 20, 2015	234.43	232.86	235.98	231.50	0.68%
May 19, 2015	232.86	233.63	234.50	231.90	-0.33%
May 18, 2015	233.63	236.27	237.74	231.59	-1.11%
May 17, 2015	236.26	236.41	238.10	235.04	-0.06%
May 16, 2015	236.41	237.46	238.35	235.45	-0.44%
May 15, 2015	237.46	236.52	239.17	235.00	0.40%
May 14, 2015	236.52	237.02	239.00	233.35	-0.25%
May 13, 2015	237.11	240.33	243.70	235.13	-1.34%
May 12, 2015	240.33	242.03	243.75	238.79	-0.70%
May 11, 2015	242.03	240.39	243.84	239.70	0.68%
May 10, 2015	240.39	241.46	245.00	238.75	-0.44%
May 09, 2015	241.46	242.79	247.79	238.98	-0.55%
May 08, 2015	242.79	236.95	245.00	236.00	2.47%
May 07, 2015	236.95	232.90	239.90	230.50	1.74%
May 06, 2015	232.90	238.00	239.00	230.10	-2.14%
May 05, 2015	238.00	238.49	239.00	232.72	-0.21%
May 04, 2015	238.49	241.00	243.42	237.29	-1.04%
May 03, 2015	241.00	235.59	243.90	235.66	2.30%
May 02, 2015	235.59	232.78	236.76	232.60	1.21%
May 01, 2015	232.78	237.72	240.90	232.60	-2.08%
Apr 30, 2015	237.72	227.60	243.65	226.25	4.45%
Apr 29, 2015	227.60	228.64	230.00	225.04	-0.46%
Apr 28, 2015	228.64	231.70	234.15	224.05	-1.15%
Apr 27, 2015	231.30	217.00	242.50	215.37	6.59%
Apr 26, 2015	217.00	224.21	220.65	210.86	-3.22%
Apr 25, 2015	224.21	228.81	230.04	224.00	-2.01%
Apr 24, 2015	228.81	233.00	233.89	227.00	-1.80%
Apr 23, 2015	233.00	232.49	234.17	230.12	0.22%
Apr 22, 2015	232.49	231.80	236.74	230.02	0.30%
Apr 21, 2015	231.80	223.02	232.99	220.00	3.95%
Apr 20, 2015	223.00	220.50	224.84	219.52	1.16%
Apr 19, 2015	220.45	220.64	225.00	219.50	-0.08%
Apr 18, 2015	220.64	221.95	222.98	218.06	-0.59%
Apr 17, 2015	221.95	227.00	227.27	219.43	-2.22%
Apr 16, 2015	227.00	222.35	228.31	222.35	2.09%
Apr 15, 2015	222.35	217.00	223.48	216.07	2.46%
Apr 14, 2015	217.00	220.34	222.86	214.01	-1.51%
Apr 13, 2015	220.34	232.97	234.41	219.52	-5.42%
Apr 12, 2015	232.97	234.07	235.00	227.05	-0.47%
Apr 11, 2015	234.07	232.50	235.49	228.62	0.68%
Apr 10, 2015	232.50	241.67	242.20	228.90	-3.80%
Apr 09, 2015	241.67	243.13	244.43	236.00	-0.60%
Apr 08, 2015	243.13	249.10	250.50	241.00	-2.39%
Apr 07, 2015	249.08	250.00	251.55	243.58	-0.37%
Apr 06, 2015	250.00	256.26	258.84	248.39	-2.44%
Apr 05, 2015	256.26	250.13	257.48	247.00	2.45%
Apr 04, 2015	250.13	250.75	252.00	246.61	-0.25%
Apr 03, 2015	250.75	249.00	253.00	248.01	0.70%
Apr 02, 2015	249.00	243.18	253.28	239.00	2.39%
Apr 01, 2015	243.19	241.06	244.97	237.47	0.88%
Mar 31, 2015	241.06	245.07	247.98	238.18	-1.72%
Mar 30, 2015	245.28	240.01	246.14	243.50	2.20%
Mar 29, 2015	240.01	249.75	246.84	236.10	-3.90%
Mar 28, 2015	249.75	244.93	252.40	244.25	1.97%
Mar 27, 2015	244.93	245.00	248.21	242.94	-0.03%
Mar 26, 2015	245.00	246.77	252.92	241.00	-0.72%
Mar 25, 2015	246.77	245.63	249.79	235.45	0.54%
Mar 24, 2015	245.44	263.36	265.27	243.50	-6.80%
Mar 23, 2015	263.36	266.36	269.70	257.36	-1.13%
Mar 22, 2015	266.36	257.69	269.00	257.89	3.37%
Mar 21, 2015	257.69	257.00	264.23	251.99	0.27%
Mar 20, 2015	257.00	256.40	260.99	254.00	0.23%
Mar 19, 2015	256.40	251.50	260.00	243.00	1.95%
Mar 18, 2015	251.50	281.00	282.58	244.00	-10.86%
Mar 17, 2015	282.14	287.53	289.32	279.77	-1.60%
Mar 16, 2015	286.72	281.90	291.00	286.00	1.71%
Mar 15, 2015	281.90	276.92	282.20	274.40	1.80%
Mar 14, 2015	276.92	282.68	283.46	274.01	-2.04%
Mar 13, 2015	282.68	291.00	291.71	282.67	-2.86%
Mar 12, 2015	291.00	294.49	293.50	290.00	-1.19%
Mar 11, 2015	294.49	287.60	295.00	285.01	2.39%
Mar 10, 2015	287.60	286.00	298.84	285.00	0.56%
Mar 09, 2015	286.00	272.10	293.46	276.11	5.11%
Mar 08, 2015	272.10	273.88	276.35	270.00	-0.65%
Mar 07, 2015	273.88	269.88	275.02	267.10	1.48%
Mar 06, 2015	269.88	272.25	276.00	266.01	-0.87%
Mar 05, 2015	272.25	268.65	276.00	260.00	1.56%
Mar 04, 2015	268.06	277.26	280.45	262.00	-3.32%
Mar 03, 2015	277.26	269.60	283.00	262.08	3.24%
Mar 02, 2015	268.55	251.73	269.98	247.93	6.44%
Mar 01, 2015	252.30	248.00	255.65	238.00	1.73%
Feb 28, 2015	248.00	246.30	249.68	243.68	0.47%
Feb 27, 2015	246.85	231.00	253.00	230.54	6.86%
Feb 26, 2015	231.00	231.09	232.18	228.00	-0.04%
Feb 25, 2015	231.09	232.10	233.00	228.78	-0.44%
Feb 24, 2015	232.10	232.87	233.99	227.78	-0.33%
Feb 23, 2015	232.87	230.23	234.00	225.00	1.15%
Feb 22, 2015	230.23	237.20	239.00	225.22	-2.94%
Feb 21, 2015	237.20	237.89	239.02	235.75	-0.29%
Feb 20, 2015	237.89	235.30	241.49	231.57	1.09%
Feb 19, 2015	235.32	233.21	239.00	231.41	0.90%
Feb 18, 2015	233.21	239.99	241.97	228.51	-2.43%
Feb 17, 2015	239.02	230.31	243.79	229.87	3.46%
Feb 16, 2015	231.02	231.54	237.81	225.00	-0.22%
Feb 15, 2015	231.54	256.64	265.01	222.13	-9.78%
Feb 14, 2015	256.64	232.65	258.84	231.43	10.31%
Feb 13, 2015	232.65	218.30	235.95	216.61	6.57%
Feb 12, 2015	218.30	216.80	219.00	214.39	0.69%
Feb 11, 2015	216.80	218.00	221.00	215.00	-0.55%
Feb 10, 2015	218.00	219.00	221.00	213.00	-0.46%
Feb 09, 2015	219.00	221.58	222.50	213.20	-1.17%
Feb 08, 2015	221.58	223.96	226.88	218.00	-1.06%
Feb 07, 2015	223.96	218.80	226.00	217.72	2.36%
Feb 06, 2015	218.80	215.73	223.00	213.16	1.42%
Feb 05, 2015	215.73	224.62	225.00	212.00	-3.96%
Feb 04, 2015	224.62	223.52	227.86	217.80	0.83%
Feb 03, 2015	222.78	233.34	240.96	220.69	-4.53%
Feb 02, 2015	233.34	221.96	238.76	218.01	5.13%
Feb 01, 2015	221.96	214.60	226.80	208.00	3.72%
Jan 31, 2015	213.99	218.97	227.28	213.00	-2.27%
Jan 30, 2015	218.97	226.28	235.00	216.26	-3.23%
Jan 29, 2015	226.28	222.29	234.00	214.32	1.39%
Jan 28, 2015	223.17	252.59	255.37	212.75	-11.65%
Jan 27, 2015	252.59	262.62	266.13	241.91	-4.20%
Jan 26, 2015	263.65	250.00	304.00	249.45	9.48%
Jan 24, 2015	240.82	228.60	247.23	225.60	5.34%
Jan 23, 2015	228.60	229.50	230.99	221.01	-0.17%
Jan 22, 2015	229.00	223.23	234.50	222.61	2.43%
Jan 21, 2015	223.57	208.53	225.10	207.90	7.21%
Jan 20, 2015	208.53	210.86	211.50	203.33	-1.12%
Jan 19, 2015	210.88	206.32	215.79	205.00	2.21%
Jan 18, 2015	206.32	197.36	217.70	192.00	4.37%
Jan 17, 2015	197.68	204.98	212.00	193.93	-3.56%
Jan 16, 2015	204.98	207.32	219.98	196.01	-1.16%
Jan 15, 2015	207.38	170.00	226.01	168.00	21.99%
Jan 14, 2015	170.00	220.68	221.15	162.68	-22.97%
Jan 13, 2015	220.68	264.29	265.00	213.41	-16.50%
Jan 12, 2015	264.29	262.50	270.00	258.80	0.58%
Jan 11, 2015	262.77	272.54	278.27	260.12	-3.59%
Jan 10, 2015	272.54	285.98	287.18	267.84	-4.70%
Jan 09, 2015	285.98	282.10	291.50	277.11	1.18%
Jan 08, 2015	282.66	293.55	294.00	282.06	-3.71%
Jan 07, 2015	293.55	284.10	301.99	281.16	3.33%
Jan 06, 2015	284.10	271.86	286.14	270.06	4.50%
Jan 05, 2015	271.86	266.00	279.57	264.77	2.20%
Jan 04, 2015	266.00	277.03	290.00	260.00	-3.84%
Jan 03, 2015	276.61	312.87	313.29	276.61	-11.59%
Jan 02, 2015	312.87	312.44	315.40	311.00	0.14%
Jan 01, 2015	312.44	317.00	318.11	310.97	-1.37%
Dec 31, 2014	316.77	308.64	317.00	307.51	2.68%
Dec 30, 2014	308.50	311.34	313.99	307.36	-0.91%
Dec 29, 2014	311.34	313.77	317.00	310.00	-0.78%
Dec 28, 2014	313.77	313.00	316.90	307.00	0.25%
Dec 27, 2014	313.00	324.96	326.50	308.00	-3.68%
Dec 26, 2014	324.96	316.52	329.00	314.70	2.67%
Dec 25, 2014	316.52	319.01	321.00	315.38	-0.78%
Dec 24, 2014	319.01	330.00	331.00	317.01	-3.33%
Dec 23, 2014	330.00	328.70	334.55	326.00	0.40%
Dec 22, 2014	328.70	317.00	332.03	316.63	3.69%
Dec 21, 2014	317.00	328.00	328.97	314.00	-3.35%
Dec 20, 2014	328.00	314.99	330.00	311.00	4.13%
Dec 19, 2014	314.99	311.31	317.50	304.80	1.18%
Dec 18, 2014	311.31	319.00	322.76	304.05	-2.41%
Dec 17, 2014	319.00	320.41	329.00	312.82	-0.44%
Dec 16, 2014	320.41	338.45	339.80	320.00	-5.33%
Dec 15, 2014	338.45	343.06	345.00	335.07	-1.34%
Dec 14, 2014	343.06	342.57	346.94	336.56	0.14%
Dec 13, 2014	342.57	346.00	346.00	339.07	-0.99%
Dec 12, 2014	346.00	341.49	349.65	340.05	1.32%
Dec 11, 2014	341.49	340.00	356.99	332.51	0.44%
Dec 10, 2014	340.00	345.91	348.00	340.00	-1.71%
Dec 09, 2014	345.92	356.99	358.00	337.15	-3.10%
Dec 08, 2014	356.99	367.57	369.00	355.34	-2.88%
Dec 07, 2014	367.57	369.13	371.01	367.01	-0.42%
Dec 06, 2014	369.13	369.99	372.00	363.00	-0.23%
Dec 05, 2014	369.99	364.00	373.00	360.36	1.65%
Dec 04, 2014	364.00	370.12	374.00	362.01	-1.65%
Dec 03, 2014	370.12	377.50	379.50	367.90	-1.95%
Dec 02, 2014	377.50	376.68	382.00	372.54	0.25%
Dec 01, 2014	376.55	374.39	382.50	373.01	0.58%
Nov 30, 2014	374.39	373.99	378.00	370.00	0.11%
Nov 29, 2014	373.99	373.00	386.00	369.50	0.26%
Nov 28, 2014	373.00	366.02	380.92	354.00	1.91%
Nov 27, 2014	366.02	364.39	370.00	362.00	0.49%
Nov 26, 2014	364.23	371.20	375.00	361.05	-1.88%
Nov 25, 2014	371.20	373.50	389.00	368.11	-0.62%
Nov 24, 2014	373.50	364.98	386.32	362.70	2.33%
Nov 23, 2014	364.98	350.00	368.86	348.20	4.28%
Nov 22, 2014	350.00	345.36	362.49	345.36	1.34%
Nov 21, 2014	345.36	355.37	358.57	339.62	-2.82%
Nov 20, 2014	355.37	376.60	378.00	352.00	-5.64%
Nov 19, 2014	376.60	369.99	385.79	368.52	1.79%
Nov 18, 2014	369.99	382.03	388.69	367.43	-3.15%
Nov 17, 2014	382.03	384.14	406.00	373.40	-0.55%
Nov 16, 2014	384.14	373.57	388.88	369.00	2.83%
Nov 15, 2014	373.57	396.35	404.37	365.19	-5.75%
Nov 14, 2014	396.35	412.99	414.35	378.00	-4.07%
Nov 13, 2014	413.15	422.10	454.60	385.13	-1.87%
Nov 12, 2014	421.00	364.00	428.00	363.45	15.66%
Nov 11, 2014	364.00	363.66	372.36	358.27	0.27%
Nov 10, 2014	363.02	362.37	374.86	356.10	0.25%
Nov 09, 2014	362.10	341.37	363.97	340.12	6.07%
Nov 08, 2014	341.37	338.72	344.59	337.31	0.78%
Nov 07, 2014	338.72	344.00	350.00	337.82	-1.53%
Nov 06, 2014	344.00	334.89	348.49	332.68	2.72%
Nov 05, 2014	334.89	325.50	339.00	324.70	2.88%
Nov 04, 2014	325.50	322.00	329.01	318.07	1.09%
Nov 03, 2014	322.00	323.77	335.47	320.50	-0.47%
Nov 02, 2014	323.51	323.18	330.00	319.10	0.12%
Nov 01, 2014	323.14	335.07	337.70	319.01	-3.56%
Oct 31, 2014	335.07	342.70	345.20	332.00	-2.22%
Oct 30, 2014	342.70	331.08	351.25	328.50	3.51%
Oct 29, 2014	331.08	349.99	351.00	328.71	-5.37%
Oct 28, 2014	349.87	347.87	356.50	346.70	0.57%
Oct 27, 2014	347.87	350.29	355.00	342.80	-0.68%
Oct 26, 2014	350.24	346.82	359.00	343.81	0.83%
Oct 25, 2014	347.37	352.28	355.00	337.99	-1.34%
Oct 24, 2014	352.10	354.17	360.00	349.11	-0.58%
Oct 23, 2014	354.17	377.07	378.98	351.00	-6.08%
Oct 22, 2014	377.07	381.00	383.00	374.89	-1.03%
Oct 21, 2014	381.00	377.07	385.60	373.50	1.04%
Oct 20, 2014	377.07	382.33	385.00	372.15	-2.06%
Oct 19, 2014	384.98	385.94	388.33	379.30	-0.25%
Oct 18, 2014	385.94	378.40	389.00	374.00	1.99%
Oct 17, 2014	378.40	376.08	381.20	367.88	0.62%
Oct 16, 2014	376.08	387.04	391.50	362.00	-2.83%
Oct 15, 2014	387.04	397.39	397.89	380.30	-2.61%
Oct 14, 2014	397.39	385.00	408.20	383.50	3.22%
Oct 13, 2014	385.00	375.01	392.61	362.11	2.67%
Oct 12, 2014	375.01	355.02	378.11	348.30	5.63%
Oct 11, 2014	355.02	353.58	363.91	345.30	0.41%
Oct 10, 2014	353.58	360.97	370.78	346.34	-2.05%
Oct 09, 2014	360.97	352.00	380.95	343.00	2.55%
Oct 08, 2014	352.00	331.00	353.89	323.53	6.67%
Oct 07, 2014	330.00	325.00	337.93	313.11	1.54%
Oct 06, 2014	325.00	315.89	343.34	299.44	2.89%
Oct 05, 2014	315.89	316.63	335.05	285.10	-0.27%
Oct 04, 2014	316.75	342.58	352.96	308.60	-7.54%
Oct 03, 2014	342.58	367.00	369.91	338.21	-6.48%
Oct 02, 2014	366.31	374.70	378.75	363.20	-2.24%
Oct 01, 2014	374.70	380.29	385.00	372.00	-2.16%
Sep 30, 2014	382.97	368.82	389.00	364.12	3.84%
Sep 29, 2014	368.82	370.00	385.42	360.74	-0.32%
Sep 28, 2014	370.00	391.00	396.00	364.60	-5.37%
Sep 27, 2014	391.00	394.72	398.37	386.72	-1.01%
Sep 26, 2014	395.00	401.91	412.00	388.00	-2.23%
Sep 25, 2014	404.00	410.55	411.61	396.02	-1.60%
Sep 24, 2014	410.55	425.31	429.68	406.80	-3.47%
Sep 23, 2014	425.31	386.20	445.00	381.92	9.91%
Sep 22, 2014	386.96	385.12	398.78	380.03	0.48%
Sep 21, 2014	385.12	398.46	402.00	373.40	-3.96%
Sep 20, 2014	401.00	382.58	414.00	376.79	4.81%
Sep 19, 2014	382.58	415.45	422.29	370.00	-7.91%
Sep 18, 2014	415.45	444.97	448.00	390.32	-7.25%
Sep 17, 2014	447.93	456.89	460.00	435.00	-1.96%
Sep 16, 2014	456.89	465.37	467.55	452.32	-1.84%
Sep 15, 2014	465.46	469.68	470.00	464.59	-0.90%
Sep 14, 2014	469.68	472.98	473.40	466.03	-0.70%
Sep 13, 2014	472.98	469.50	474.30	466.00	0.74%
Sep 12, 2014	469.50	472.79	473.00	464.53	-0.70%
Sep 11, 2014	472.79	473.47	478.93	467.00	-0.20%
Sep 10, 2014	473.74	466.90	484.00	465.06	1.47%
Sep 09, 2014	466.90	472.00	473.00	460.00	-1.08%
Sep 08, 2014	472.00	477.91	479.10	460.07	-1.24%
Sep 07, 2014	477.91	482.17	485.00	475.11	-0.88%
Sep 06, 2014	482.17	477.89	483.00	475.31	0.90%
Sep 05, 2014	477.89	488.97	488.97	476.00	-2.27%
Sep 04, 2014	488.97	469.79	494.50	468.68	4.03%
Sep 03, 2014	470.01	473.98	476.00	469.01	-0.84%
Sep 02, 2014	473.98	472.66	482.00	464.95	0.28%
Sep 01, 2014	472.66	475.90	488.00	469.47	-0.68%
Aug 31, 2014	475.90	497.20	499.10	472.20	-4.28%
Aug 30, 2014	497.20	503.50	505.55	496.00	-1.25%
Aug 29, 2014	503.50	502.68	507.51	495.61	0.17%
Aug 28, 2014	502.65	508.26	512.22	498.07	-1.10%
Aug 27, 2014	508.26	510.00	518.00	505.00	-0.33%
Aug 26, 2014	509.94	498.22	513.94	498.22	2.35%
Aug 25, 2014	498.22	505.01	506.87	492.95	-1.35%
Aug 24, 2014	505.01	492.98	511.68	490.00	2.44%
Aug 23, 2014	492.98	510.00	510.63	483.02	-3.34%
Aug 22, 2014	510.00	508.33	522.00	491.11	0.43%
Aug 21, 2014	507.82	506.72	529.73	502.00	0.22%
Aug 20, 2014	506.72	478.06	518.67	455.41	5.57%
Aug 19, 2014	480.00	439.00	487.28	427.13	9.08%
Aug 18, 2014	440.05	487.00	496.06	340.00	-9.64%
Aug 17, 2014	487.00	514.90	516.99	480.00	-5.36%
Aug 16, 2014	514.59	494.46	519.00	480.00	4.07%
Aug 15, 2014	494.46	506.78	517.42	484.18	-2.43%
Aug 14, 2014	506.78	538.30	539.44	491.31	-5.68%
Aug 13, 2014	537.29	565.83	570.00	523.00	-5.04%
Aug 12, 2014	565.83	572.00	574.97	560.94	-1.08%
Aug 11, 2014	572.00	586.10	588.00	566.60	-2.41%
Aug 10, 2014	586.10	585.16	589.70	580.00	0.16%
Aug 09, 2014	585.16	587.60	589.99	580.00	-0.41%
Aug 08, 2014	587.60	584.23	595.00	583.16	0.58%
Aug 07, 2014	584.23	579.16	589.00	578.00	0.87%
Aug 06, 2014	579.16	579.69	584.37	572.19	-0.09%
Aug 05, 2014	579.69	580.04	583.88	574.76	-0.06%
Aug 04, 2014	580.04	579.55	588.88	576.00	0.08%
Aug 03, 2014	579.55	581.89	584.99	572.00	-0.40%
Aug 02, 2014	581.89	590.38	591.97	576.11	-1.54%
Aug 01, 2014	591.00	577.68	598.50	575.00	2.30%
Jul 31, 2014	577.68	564.83	585.00	555.75	2.28%
Jul 30, 2014	564.83	577.83	579.88	555.00	-2.25%
Jul 29, 2014	577.83	577.63	583.40	572.16	0.03%
Jul 28, 2014	577.63	586.49	587.94	562.00	-1.51%
Jul 27, 2014	586.49	590.00	595.00	582.10	-0.60%
Jul 26, 2014	590.00	596.68	596.68	583.99	-1.12%
Jul 25, 2014	596.68	593.03	604.00	586.40	0.62%
Jul 24, 2014	593.03	610.86	613.41	578.60	-2.92%
Jul 23, 2014	610.86	613.53	616.00	609.00	-0.44%
Jul 22, 2014	613.53	614.99	616.40	611.30	-0.24%
Jul 21, 2014	614.99	616.00	616.40	611.50	-0.16%
Jul 20, 2014	616.00	619.80	619.80	612.00	-0.61%
Jul 19, 2014	619.80	621.97	622.00	616.64	-0.09%
Jul 18, 2014	620.39	617.00	621.67	611.00	0.55%
Jul 17, 2014	617.00	611.23	623.00	606.00	0.94%
Jul 16, 2014	611.23	614.67	618.00	609.50	-0.56%
Jul 15, 2014	614.67	618.51	619.23	612.46	-0.62%
Jul 14, 2014	618.51	623.00	623.23	611.00	-0.72%
Jul 13, 2014	623.00	627.00	627.99	619.00	-0.64%
Jul 12, 2014	627.00	623.01	629.60	618.60	0.64%
Jul 11, 2014	623.01	609.66	626.25	605.57	2.19%
Jul 10, 2014	609.66	615.78	618.73	603.70	-0.99%
Jul 09, 2014	615.78	615.78	619.43	611.79	-0.00%
Jul 08, 2014	615.78	617.11	621.48	611.12	-0.29%
Jul 07, 2014	617.58	630.31	633.00	610.01	-2.02%
Jul 06, 2014	630.31	626.60	636.96	625.90	0.37%
Jul 05, 2014	627.99	625.00	629.13	621.10	0.28%
Jul 04, 2014	626.24	636.92	639.63	622.00	-1.68%
Jul 03, 2014	636.92	641.11	643.71	628.00	-0.65%
Jul 02, 2014	641.11	629.33	648.00	625.00	1.93%
Jul 01, 2014	629.00	640.09	654.10	623.37	-1.43%
Jun 30, 2014	638.15	595.00	646.35	593.02	7.25%
Jun 29, 2014	595.00	588.24	599.74	584.12	1.15%
Jun 28, 2014	588.24	598.64	605.00	584.00	-1.67%
Jun 27, 2014	598.22	576.82	600.00	573.00	3.71%
Jun 26, 2014	576.82	560.64	578.18	557.00	2.89%
Jun 25, 2014	560.64	571.30	575.00	555.01	-1.57%
Jun 24, 2014	569.58	584.99	585.85	567.68	-2.63%
Jun 23, 2014	584.99	593.79	595.85	577.40	-1.48%
Jun 22, 2014	593.79	586.67	597.92	585.30	1.21%
Jun 21, 2014	586.67	585.00	590.77	575.40	0.29%
Jun 20, 2014	585.00	588.00	592.15	578.97	-0.51%
Jun 19, 2014	588.00	599.49	604.00	585.17	-1.92%
Jun 18, 2014	599.49	602.33	610.00	592.98	-0.47%
Jun 17, 2014	602.33	585.62	605.00	583.02	2.85%
Jun 16, 2014	585.62	592.00	603.99	582.10	-1.08%
Jun 15, 2014	592.00	573.90	592.00	551.39	3.65%
Jun 14, 2014	571.13	597.01	597.41	546.99	-4.33%
Jun 13, 2014	597.01	576.60	612.00	575.01	3.65%
Jun 12, 2014	576.00	623.29	632.32	560.00	-7.59%
Jun 11, 2014	623.29	644.10	648.89	621.46	-3.23%
Jun 10, 2014	644.10	639.24	648.00	633.00	0.76%
Jun 09, 2014	639.24	644.54	648.00	631.60	-0.82%
Jun 08, 2014	644.54	644.30	650.00	641.50	-0.05%
Jun 07, 2014	644.86	639.02	646.00	629.00	0.85%
Jun 06, 2014	639.42	646.32	649.80	635.01	-1.48%
Jun 05, 2014	649.00	627.05	657.00	625.25	3.50%
Jun 04, 2014	627.05	657.01	659.70	605.00	-4.56%
Jun 03, 2014	657.01	647.89	668.00	635.50	1.41%
Jun 02, 2014	647.89	627.44	655.00	601.00	3.08%
Jun 01, 2014	628.53	615.00	667.53	608.00	2.20%
May 31, 2014	615.00	608.00	618.37	581.79	1.15%
May 30, 2014	608.00	556.48	614.00	555.07	9.11%
May 29, 2014	557.22	564.21	565.00	543.30	-1.24%
May 28, 2014	564.21	561.50	570.16	549.00	0.48%
May 27, 2014	561.50	576.00	586.47	540.42	-2.52%
May 26, 2014	576.00	564.01	590.00	558.47	2.13%
May 25, 2014	564.01	519.51	569.99	518.97	8.56%
May 24, 2014	519.51	511.99	521.60	502.53	1.47%
May 23, 2014	511.99	521.21	539.79	508.84	-1.91%
May 22, 2014	521.94	480.00	523.75	477.00	8.74%
May 21, 2014	480.00	478.00	488.00	475.00	0.44%
May 20, 2014	477.90	437.85	486.00	436.73	9.15%
May 19, 2014	437.85	440.65	441.90	435.39	-0.36%
May 18, 2014	439.43	440.95	441.00	438.85	-0.34%
May 17, 2014	440.95	438.89	440.98	437.96	0.47%
May 16, 2014	438.89	439.80	441.00	435.00	-0.21%
May 15, 2014	439.80	435.70	442.00	434.02	0.94%
May 14, 2014	435.70	433.36	439.48	432.53	0.54%
May 13, 2014	433.36	433.95	438.00	430.00	-0.14%
May 12, 2014	433.95	434.80	437.00	428.00	-0.20%
May 11, 2014	434.81	445.12	447.40	426.70	-2.32%
May 10, 2014	445.12	442.00	446.00	437.60	0.71%
May 09, 2014	442.00	429.04	444.00	426.50	3.02%
May 08, 2014	429.04	428.24	436.00	426.39	0.19%
May 07, 2014	428.24	421.00	437.00	415.00	1.72%
May 06, 2014	421.00	425.76	428.00	411.39	-1.12%
May 05, 2014	425.76	428.89	431.59	421.78	-0.73%
May 04, 2014	428.89	433.64	435.00	424.35	-1.09%
May 03, 2014	433.64	436.00	436.00	420.55	-0.54%
May 02, 2014	436.00	448.99	449.00	430.00	-2.89%
May 01, 2014	448.99	437.86	453.56	437.50	2.42%
Apr 30, 2014	438.38	438.88	443.40	428.00	-0.11%
Apr 29, 2014	438.88	429.52	443.00	423.00	2.18%
Apr 28, 2014	429.52	425.36	437.50	412.97	0.98%
Apr 27, 2014	425.36	449.00	450.50	425.36	-5.02%
Apr 26, 2014	447.82	449.96	457.00	435.00	-0.66%
Apr 25, 2014	450.77	492.67	494.00	434.03	-8.50%
Apr 24, 2014	492.67	479.90	496.10	470.37	2.66%
Apr 23, 2014	479.90	472.00	481.56	471.50	1.46%
Apr 22, 2014	473.00	483.65	490.00	472.00	-2.20%
Apr 21, 2014	483.65	489.53	504.00	477.32	-1.20%
Apr 20, 2014	489.53	494.94	505.00	475.00	-1.09%
Apr 19, 2014	494.94	472.50	500.00	452.23	4.75%
Apr 18, 2014	472.50	485.98	490.64	456.69	-2.98%
Apr 17, 2014	487.00	527.00	535.36	465.89	-7.59%
Apr 16, 2014	527.00	520.00	544.99	484.45	1.74%
Apr 15, 2014	518.00	454.42	524.40	447.11	13.99%
Apr 14, 2014	454.42	412.00	467.80	401.14	10.30%
Apr 13, 2014	412.00	414.20	425.50	383.02	-0.93%
Apr 12, 2014	415.87	416.52	440.00	407.73	-0.16%
Apr 11, 2014	416.52	355.00	435.00	342.97	16.69%
Apr 10, 2014	356.95	436.40	439.70	348.98	-18.26%
Apr 09, 2014	436.69	445.72	451.10	435.22	-2.03%
Apr 08, 2014	445.72	444.00	454.78	441.10	0.39%
Apr 07, 2014	444.01	463.06	464.00	438.10	-4.12%
Apr 06, 2014	463.06	467.78	471.32	449.50	-1.01%
Apr 05, 2014	467.78	446.30	469.69	441.98	4.81%
Apr 04, 2014	446.30	444.00	456.96	423.20	0.52%
Apr 03, 2014	444.00	435.00	453.74	410.00	2.07%
Apr 02, 2014	435.00	479.90	498.50	422.50	-9.36%
Apr 01, 2014	479.90	462.11	499.90	456.46	3.85%
Mar 31, 2014	462.09	467.63	487.50	446.26	-1.18%
Mar 30, 2014	467.63	496.70	498.00	450.01	-5.81%
Mar 29, 2014	496.49	503.93	507.00	490.04	-1.48%
Mar 28, 2014	503.93	484.99	530.00	472.00	3.91%
Mar 27, 2014	484.99	580.50	583.23	473.00	-16.31%
Mar 26, 2014	579.50	579.00	588.69	571.12	0.09%
Mar 25, 2014	579.00	588.71	589.27	567.01	-1.65%
Mar 24, 2014	588.71	568.00	591.95	555.23	3.65%
Mar 23, 2014	568.00	567.10	577.00	562.57	0.16%
Mar 22, 2014	567.10	572.94	575.43	556.00	-1.02%
Mar 21, 2014	572.94	589.00	607.90	562.10	-2.73%
Mar 20, 2014	589.00	606.10	608.50	582.10	-2.82%
Mar 19, 2014	606.10	614.00	624.98	605.84	-1.29%
Mar 18, 2014	614.00	617.00	619.00	598.00	-0.56%
Mar 17, 2014	617.43	624.89	627.81	608.00	-1.19%
Mar 16, 2014	624.89	630.00	630.00	621.52	-0.66%
Mar 15, 2014	629.02	622.09	633.69	620.01	1.11%
Mar 14, 2014	622.09	629.75	630.00	620.51	-1.22%
Mar 13, 2014	629.75	628.75	635.00	622.10	0.21%
Mar 12, 2014	628.45	626.00	637.10	622.10	0.39%
Mar 11, 2014	626.01	622.60	631.75	616.10	0.55%
Mar 10, 2014	622.60	630.50	641.50	610.00	-0.70%
Mar 09, 2014	627.00	609.97	640.00	604.49	2.79%
Mar 08, 2014	609.97	619.72	628.68	595.15	-1.57%
Mar 07, 2014	619.72	648.00	648.80	604.09	-4.36%
Mar 06, 2014	648.00	653.15	658.00	634.03	-0.79%
Mar 05, 2014	653.15	656.56	668.10	633.34	-0.52%
Mar 04, 2014	656.56	644.02	698.00	639.43	1.95%
Mar 03, 2014	644.03	554.00	687.00	550.49	16.25%
Mar 02, 2014	554.00	562.30	562.30	546.00	-1.48%
Mar 01, 2014	562.30	536.20	565.89	531.00	4.85%
Feb 28, 2014	536.30	570.00	572.00	533.42	-5.89%
Feb 27, 2014	569.88	568.00	578.50	545.68	0.33%
Feb 26, 2014	568.00	534.00	591.00	531.00	6.17%
Feb 25, 2014	535.00	496.74	541.81	430.12	-3.74%
Feb 24, 2014	555.76	598.00	605.00	551.10	-7.06%
Feb 23, 2014	598.00	597.56	629.81	585.22	0.07%
Feb 22, 2014	597.56	557.99	610.00	543.37	7.57%
Feb 21, 2014	555.50	542.68	576.00	514.15	2.49%
Feb 20, 2014	542.00	611.00	616.42	533.00	-11.29%
Feb 19, 2014	611.00	615.00	616.91	604.57	-0.65%
Feb 18, 2014	615.00	612.00	634.00	603.01	0.25%
Feb 17, 2014	613.44	599.60	646.00	593.03	2.41%
Feb 16, 2014	599.00	637.13	648.00	552.21	-5.98%
Feb 15, 2014	637.13	643.62	650.00	616.00	-1.01%
Feb 14, 2014	643.62	591.39	689.00	503.00	8.83%
Feb 13, 2014	591.39	647.85	653.90	580.10	-8.10%
Feb 12, 2014	643.52	661.00	672.00	632.00	-3.18%
Feb 11, 2014	664.67	672.01	709.99	621.00	-0.94%
Feb 10, 2014	671.00	697.50	719.86	102.00	-3.80%
Feb 09, 2014	697.50	695.99	730.00	671.00	0.22%
Feb 08, 2014	695.99	709.97	728.90	690.00	-1.97%
Feb 07, 2014	709.97	764.98	765.95	676.10	-7.18%
Feb 06, 2014	764.86	784.59	789.00	760.00	-2.53%
Feb 05, 2014	784.75	801.00	804.90	783.10	-1.97%
Feb 04, 2014	800.53	798.90	810.00	792.23	0.20%
Feb 03, 2014	798.90	796.00	809.80	782.00	-0.13%
Feb 02, 2014	799.90	800.00	816.00	791.05	-0.01%
Feb 01, 2014	800.00	797.40	817.70	792.11	0.38%
Jan 31, 2014	797.00	795.00	802.20	785.00	0.25%
Jan 30, 2014	795.00	790.00	809.00	757.00	0.62%
Jan 29, 2014	790.09	774.59	800.00	771.00	1.96%
Jan 28, 2014	774.90	746.50	810.00	732.13	3.47%
Jan 27, 2014	748.90	817.80	830.00	727.00	-8.43%
Jan 26, 2014	817.80	806.25	830.00	790.00	1.43%
Jan 25, 2014	806.25	774.98	818.00	768.75	4.04%
Jan 24, 2014	774.98	805.92	809.45	753.06	-4.24%
Jan 23, 2014	809.29	821.00	828.89	800.08	-1.55%
Jan 22, 2014	822.00	832.00	835.00	815.00	-1.15%
Jan 21, 2014	831.55	830.00	836.99	819.94	0.31%
Jan 20, 2014	829.00	838.85	841.63	810.00	-1.19%
Jan 19, 2014	839.00	816.89	839.00	803.74	2.63%
Jan 18, 2014	817.50	792.33	839.00	792.33	2.83%
Jan 17, 2014	795.00	813.10	825.00	783.00	-2.26%
Jan 16, 2014	813.38	837.64	846.25	813.10	-2.94%
Jan 15, 2014	838.00	818.76	848.60	813.00	2.26%
Jan 14, 2014	819.47	825.00	840.50	805.80	-0.65%
Jan 13, 2014	824.83	835.49	841.43	788.70	-1.28%
Jan 12, 2014	835.49	890.38	899.00	815.00	-6.16%
Jan 11, 2014	890.38	842.00	894.00	836.00	5.87%
Jan 10, 2014	841.00	821.51	849.06	794.25	2.35%
Jan 09, 2014	821.70	821.17	844.90	777.78	0.06%
Jan 08, 2014	821.17	757.11	850.00	720.00	8.46%
Jan 07, 2014	757.11	925.00	944.00	755.32	-18.15%
Jan 06, 2014	925.00	903.30	990.00	888.00	2.32%
Jan 05, 2014	904.00	823.50	919.99	823.50	9.78%
Jan 04, 2014	823.50	800.00	829.00	780.65	2.94%
Jan 03, 2014	800.00	782.00	819.00	764.83	2.30%
Jan 02, 2014	782.00	744.16	799.89	736.86	5.11%
Jan 01, 2014	744.00	730.50	749.80	728.00	1.85%
Dec 31, 2013	730.50	725.01	734.99	710.00	0.21%
Dec 30, 2013	729.00	720.00	738.00	716.64	1.25%
Dec 29, 2013	720.02	711.83	732.34	695.00	1.15%
Dec 28, 2013	711.83	715.01	736.45	689.90	-0.45%
Dec 27, 2013	715.01	743.30	761.00	681.00	-3.81%
Dec 26, 2013	743.30	674.95	758.00	674.89	10.13%
Dec 25, 2013	674.96	650.00	675.00	640.00	3.79%
Dec 24, 2013	650.33	650.22	668.60	629.00	0.02%
Dec 23, 2013	650.22	604.45	669.97	591.00	7.62%
Dec 22, 2013	604.20	591.17	660.00	572.10	2.20%
Dec 21, 2013	591.17	609.00	642.90	560.10	-2.93%
Dec 20, 2013	609.00	680.80	709.90	585.00	-10.57%
Dec 19, 2013	681.00	502.70	694.88	483.78	35.47%
Dec 18, 2013	502.70	659.65	661.78	420.00	-23.85%
Dec 17, 2013	660.10	689.00	748.90	610.00	-4.33%
Dec 16, 2013	690.00	863.64	869.89	634.00	-20.11%
Dec 15, 2013	863.64	846.92	870.00	801.10	1.97%
Dec 14, 2013	846.92	866.00	874.90	837.00	-2.54%
Dec 13, 2013	869.00	855.17	908.96	835.00	1.05%
Dec 12, 2013	860.00	855.01	890.00	825.00	0.53%
Dec 11, 2013	855.50	958.50	971.00	804.50	-10.75%
Dec 10, 2013	958.50	875.40	967.00	875.00	9.11%
Dec 09, 2013	878.50	785.00	900.00	765.40	12.05%
Dec 08, 2013	784.02	700.00	798.00	665.10	12.00%
Dec 07, 2013	700.00	839.00	874.99	551.00	-16.57%
Dec 06, 2013	839.00	990.00	996.93	824.00	-15.29%
Dec 05, 2013	990.40	1072.50	1077.23	846.00	-7.96%
Dec 04, 2013	1076.00	997.50	1077.23	990.30	7.87%
Dec 03, 2013	997.50	980.05	1021.00	928.10	1.79%
Dec 02, 2013	980.00	878.01	989.01	830.00	11.60%
Dec 01, 2013	878.17	1051.50	1054.00	677.00	-16.49%
Nov 30, 2013	1051.55	1019.63	1095.20	1019.63	2.72%
Nov 29, 2013	1023.71	962.03	1032.00	927.00	6.41%
Nov 28, 2013	962.03	934.00	1000.00	850.00	3.00%
Nov 27, 2013	934.00	882.65	950.00	843.00	4.94%
Nov 26, 2013	890.00	744.00	894.70	737.00	19.62%
Nov 25, 2013	744.00	698.99	750.00	695.20	6.44%
Nov 24, 2013	699.00	725.00	743.56	630.00	-3.48%
Nov 23, 2013	724.20	698.01	774.00	675.00	3.61%
Nov 22, 2013	699.00	671.00	722.00	615.03	3.78%
Nov 21, 2013	673.55	545.12	684.00	530.00	23.59%
Nov 20, 2013	545.00	545.15	567.87	382.49	-0.03%
Nov 19, 2013	545.15	679.45	823.28	375.00	-19.77%
Nov 18, 2013	679.45	481.31	680.00	456.00	41.38%
Nov 17, 2013	480.60	422.48	487.70	420.49	14.30%
Nov 16, 2013	420.49	406.10	428.97	396.50	3.32%
Nov 15, 2013	406.99	405.57	425.50	380.00	0.24%
Nov 14, 2013	406.01	392.70	411.00	380.58	3.46%
Nov 13, 2013	392.43	343.70	400.00	342.35	14.11%
Nov 12, 2013	343.90	321.32	345.90	320.40	7.03%
Nov 11, 2013	321.32	302.00	329.70	290.00	6.40%
Nov 10, 2013	302.00	331.30	338.90	255.00	-8.84%
Nov 09, 2013	331.30	313.12	349.11	301.10	5.81%
Nov 08, 2013	313.12	281.81	315.00	280.02	11.11%
Nov 07, 2013	281.81	251.98	292.50	250.32	12.27%
Nov 06, 2013	251.00	237.55	253.90	237.18	5.83%
Nov 05, 2013	237.18	223.00	244.88	216.00	5.99%
Nov 04, 2013	223.77	208.91	225.00	206.00	7.12%
Nov 03, 2013	208.90	199.00	209.85	198.00	5.05%
Nov 02, 2013	198.85	198.80	201.00	197.80	-0.07%
Nov 01, 2013	198.99	197.90	199.20	195.55	0.55%
Oct 31, 2013	197.90	192.66	198.39	192.20	2.38%
Oct 30, 2013	193.30	198.00	198.44	191.01	-2.37%
Oct 29, 2013	198.00	188.90	198.60	188.10	4.76%
Oct 28, 2013	189.00	186.98	192.43	181.20	1.07%
Oct 27, 2013	186.99	171.37	187.00	170.42	9.37%
Oct 26, 2013	170.97	178.78	179.00	166.40	-4.41%
Oct 25, 2013	178.86	184.05	184.50	156.00	-2.79%
Oct 24, 2013	184.00	198.55	204.00	152.50	-7.33%
Oct 23, 2013	198.55	184.60	199.50	182.84	7.56%
Oct 22, 2013	184.60	171.32	187.00	169.90	7.72%
Oct 21, 2013	171.36	158.77	174.00	158.52	7.93%
Oct 20, 2013	158.77	156.79	159.00	154.50	1.26%
Oct 19, 2013	156.80	147.49	160.00	145.71	6.31%
Oct 18, 2013	147.49	140.68	147.50	140.11	4.84%
Oct 17, 2013	140.68	135.44	141.00	134.20	4.63%
Oct 16, 2013	134.45	137.98	144.85	131.37	-2.56%
Oct 15, 2013	137.98	131.50	137.99	130.80	4.87%
Oct 14, 2013	131.57	128.66	134.00	127.84	2.26%
Oct 13, 2013	128.66	124.98	128.66	124.48	3.27%
Oct 12, 2013	124.58	123.71	124.99	123.71	0.31%
Oct 11, 2013	124.19	123.64	125.00	123.16	0.45%
Oct 10, 2013	123.64	123.36	125.00	123.00	-0.18%
Oct 09, 2013	123.86	121.99	124.00	121.41	1.54%
Oct 08, 2013	121.99	121.25	122.69	120.58	0.65%
Oct 07, 2013	121.20	119.61	123.88	119.01	1.33%
Oct 06, 2013	119.61	119.12	119.90	118.22	0.24%
Oct 05, 2013	119.32	119.30	120.00	118.22	0.41%
Oct 04, 2013	118.83	115.22	120.80	115.22	3.15%
Oct 03, 2013	115.20	101.81	116.50	100.00	13.90%
Oct 02, 2013	101.14	123.75	124.49	75.00	-18.27%
Oct 01, 2013	123.75	123.00	124.69	122.72	0.61%
Sep 30, 2013	123.00	123.40	123.98	121.20	-0.04%
Sep 29, 2013	123.05	123.60	124.79	122.90	-0.44%
Sep 28, 2013	123.60	122.80	123.70	122.06	0.70%
Sep 27, 2013	122.74	122.22	123.50	121.59	-0.01%
Sep 26, 2013	122.75	122.55	123.19	121.01	0.16%
Sep 25, 2013	122.55	121.73	123.80	121.00	0.67%
Sep 24, 2013	121.73	120.89	121.79	119.50	0.70%
Sep 23, 2013	120.89	121.68	122.20	120.01	-0.67%
Sep 22, 2013	121.70	121.37	122.19	120.50	0.49%
Sep 21, 2013	121.10	121.12	122.50	120.80	-0.01%
Sep 20, 2013	121.12	120.90	124.00	119.50	0.30%
Sep 19, 2013	120.75	125.00	125.00	120.00	-3.47%
Sep 18, 2013	125.09	124.98	126.01	124.42	0.47%
Sep 17, 2013	124.50	124.00	125.00	123.15	0.41%
Sep 16, 2013	124.00	123.60	125.00	122.40	0.32%
Sep 15, 2013	123.60	123.79	124.03	121.00	0.37%
Sep 14, 2013	123.14	124.75	125.00	122.51	-1.29%
Sep 13, 2013	124.75	123.39	125.00	122.00	1.10%
Sep 12, 2013	123.39	123.95	124.90	122.56	-0.49%
Sep 11, 2013	124.00	119.46	124.90	117.00	3.34%
Sep 10, 2013	120.00	119.92	121.91	119.31	0.06%
Sep 09, 2013	119.92	115.76	122.00	114.50	3.88%
Sep 08, 2013	115.44	117.79	118.35	114.40	-1.36%
Sep 07, 2013	117.03	113.01	119.00	112.12	3.57%
Sep 06, 2013	113.00	117.00	119.29	113.00	-3.42%
Sep 05, 2013	117.00	116.92	119.49	111.61	0.43%
Sep 04, 2013	116.49	125.00	125.00	112.10	-6.80%
Sep 03, 2013	125.00	124.73	125.96	123.50	0.18%
Sep 02, 2013	124.77	126.40	126.57	123.05	-1.29%
Sep 01, 2013	126.40	122.90	126.40	119.00	2.85%
Aug 31, 2013	122.90	121.23	126.56	120.00	1.80%
Aug 30, 2013	120.72	115.97	121.95	115.51	4.10%
Aug 29, 2013	115.97	115.60	116.08	114.80	0.67%
Aug 28, 2013	115.20	115.36	116.30	114.01	-0.14%
Aug 27, 2013	115.36	108.39	116.50	108.29	6.43%
Aug 26, 2013	108.39	109.30	110.00	106.21	-0.83%
Aug 25, 2013	109.30	106.34	110.35	106.05	2.77%
Aug 24, 2013	106.36	105.24	107.00	104.10	1.05%
Aug 23, 2013	105.25	106.98	107.30	102.14	-1.56%
Aug 22, 2013	106.91	107.67	109.00	106.00	-0.19%
Aug 21, 2013	107.12	103.10	109.00	101.13	3.90%
Aug 20, 2013	103.10	99.10	103.10	99.00	4.04%
Aug 19, 2013	99.10	96.89	100.62	96.72	2.32%
Aug 18, 2013	96.85	97.00	97.29	96.50	-0.11%
Aug 17, 2013	96.96	96.63	97.20	96.00	0.18%
Aug 16, 2013	96.79	96.30	96.90	95.00	0.51%
Aug 15, 2013	96.30	97.61	98.10	95.94	-1.34%
Aug 14, 2013	97.61	94.98	98.27	94.50	2.76%
Aug 13, 2013	94.98	94.89	95.01	93.70	0.14%
Aug 12, 2013	94.84	93.14	94.90	92.39	1.83%
Aug 11, 2013	93.14	92.94	95.59	92.50	0.21%
Aug 10, 2013	92.94	93.82	94.73	92.00	-0.94%
Aug 09, 2013	93.82	94.54	95.50	93.16	-0.60%
Aug 08, 2013	94.38	97.48	97.49	92.42	-3.16%
Aug 07, 2013	97.46	97.32	98.20	96.01	0.14%
Aug 06, 2013	97.32	96.46	98.00	95.90	0.89%
Aug 05, 2013	96.46	94.46	96.80	94.04	2.23%
Aug 04, 2013	94.36	94.74	95.12	93.50	-0.41%
Aug 03, 2013	94.74	96.00	96.27	94.03	-1.31%
Aug 02, 2013	96.00	94.99	97.00	93.21	1.32%
Aug 01, 2013	94.75	97.00	97.23	93.50	-2.32%
Jul 31, 2013	97.00	95.00	99.90	94.01	2.11%
Jul 30, 2013	95.00	91.10	95.00	90.76	4.17%
Jul 29, 2013	91.20	89.50	92.59	88.60	1.90%
Jul 28, 2013	89.50	87.90	90.90	87.50	2.17%
Jul 27, 2013	87.60	89.40	89.59	86.40	-2.12%
Jul 26, 2013	89.50	88.89	90.00	88.22	0.68%
Jul 25, 2013	88.89	86.86	88.99	86.12	2.33%
Jul 24, 2013	86.87	85.98	87.56	85.79	1.03%
Jul 23, 2013	85.98	84.50	87.30	84.00	1.87%
Jul 22, 2013	84.40	83.80	84.90	83.00	0.72%
Jul 21, 2013	83.80	83.98	84.90	82.50	-0.18%
Jul 20, 2013	83.95	83.76	85.29	83.50	0.18%
Jul 19, 2013	83.80	83.88	85.40	82.00	0.40%
Jul 18, 2013	83.47	89.50	89.80	81.00	-6.21%
Jul 17, 2013	89.00	88.55	90.08	88.01	0.51%
Jul 16, 2013	88.55	91.31	91.75	87.00	-3.01%
Jul 15, 2013	91.30	87.29	92.20	86.40	3.87%
Jul 14, 2013	87.90	89.03	90.00	85.74	-1.23%
Jul 13, 2013	88.99	87.18	90.09	82.30	2.29%
Jul 12, 2013	87.00	83.00	95.89	82.50	5.45%
Jul 11, 2013	82.50	80.50	84.10	78.22	2.88%
Jul 10, 2013	80.19	71.79	81.99	70.33	10.99%
Jul 09, 2013	72.25	72.74	73.40	68.35	-1.16%
Jul 08, 2013	73.10	74.00	77.53	69.00	-1.22%
Jul 07, 2013	74.00	65.50	75.00	64.12	12.98%
Jul 06, 2013	65.50	66.50	72.10	63.50	-1.35%
Jul 05, 2013	66.40	79.64	79.70	63.32	-16.25%
Jul 04, 2013	79.28	77.40	82.00	72.45	2.37%
Jul 03, 2013	77.45	85.40	86.09	76.00	-9.31%
Jul 02, 2013	85.40	81.01	86.60	80.25	5.42%
Jul 01, 2013	81.01	90.21	91.97	75.57	-10.20%
Jun 30, 2013	90.21	89.45	91.49	89.00	0.68%
Jun 29, 2013	89.60	88.97	92.00	86.80	0.69%
Jun 28, 2013	88.99	95.49	95.80	87.05	-6.52%
Jun 27, 2013	95.20	98.00	98.18	95.14	-2.86%
Jun 26, 2013	98.00	98.00	98.99	97.00	-0.00%
Jun 25, 2013	98.00	96.49	102.00	96.00	1.84%
Jun 24, 2013	96.23	100.73	101.70	92.20	-4.88%
Jun 23, 2013	101.16	102.20	102.93	99.49	-0.54%
Jun 22, 2013	101.71	105.63	105.90	100.51	-3.72%
Jun 21, 2013	105.63	106.51	108.00	102.83	-0.74%
Jun 20, 2013	106.42	105.23	108.00	104.22	1.14%
Jun 19, 2013	105.22	104.60	107.50	103.50	0.31%
Jun 18, 2013	104.90	101.83	110.00	101.39	3.49%
Jun 17, 2013	101.36	100.33	103.00	99.40	1.16%
Jun 16, 2013	100.20	100.51	101.48	99.41	-0.31%
Jun 15, 2013	100.51	99.99	102.90	97.68	0.51%
Jun 14, 2013	100.00	105.71	106.10	99.40	-5.22%
Jun 13, 2013	105.50	107.89	109.24	100.80	-1.95%
Jun 12, 2013	107.60	108.42	110.00	106.98	-0.37%
Jun 11, 2013	108.00	105.11	109.13	104.51	2.74%
Jun 10, 2013	105.12	103.00	107.77	94.00	2.56%
Jun 09, 2013	102.50	109.37	109.37	91.14	-6.28%
Jun 08, 2013	109.37	111.80	112.00	107.01	-2.17%
Jun 07, 2013	111.80	118.23	119.00	109.50	-5.48%
Jun 06, 2013	118.28	120.50	120.60	117.90	-1.83%
Jun 05, 2013	120.49	119.70	121.16	117.90	0.66%
Jun 04, 2013	119.70	119.67	123.07	118.22	0.03%
Jun 03, 2013	119.67	121.00	121.58	115.00	-0.94%
Jun 02, 2013	120.80	127.47	127.80	116.00	-5.23%
Jun 01, 2013	127.47	126.35	127.48	125.51	0.89%
May 31, 2013	126.35	126.50	127.57	125.30	-0.12%
May 30, 2013	126.50	127.99	129.90	125.57	-0.91%
May 29, 2013	127.66	125.20	129.48	123.94	1.96%
May 28, 2013	125.20	126.25	127.30	122.01	-1.53%
May 27, 2013	127.15	129.58	131.01	120.00	-1.86%
May 26, 2013	129.56	127.94	130.96	127.03	1.66%
May 25, 2013	127.44	128.01	128.92	125.40	-0.60%
May 24, 2013	128.21	121.00	129.94	120.13	6.23%
May 23, 2013	120.69	116.70	121.20	116.60	3.42%
May 22, 2013	116.70	116.67	117.99	115.15	-0.14%
May 21, 2013	116.87	113.69	116.90	113.00	2.79%
May 20, 2013	113.70	112.70	114.39	112.00	1.37%
May 19, 2013	112.16	113.65	114.40	111.00	-1.29%
May 18, 2013	113.63	112.00	114.50	111.71	1.38%
May 17, 2013	112.08	108.90	114.35	107.00	2.83%
May 16, 2013	109.00	105.00	109.12	104.80	3.82%
May 15, 2013	104.99	104.15	110.69	97.01	0.81%
May 14, 2013	104.15	113.12	114.42	103.33	-8.00%
May 13, 2013	113.20	111.28	114.01	110.86	1.73%
May 12, 2013	111.28	112.20	113.50	108.60	-0.82%
May 11, 2013	112.19	112.81	113.75	110.00	-0.70%
May 10, 2013	112.99	108.09	115.58	108.00	4.55%
May 09, 2013	108.07	108.77	109.50	105.99	-1.08%
May 08, 2013	109.25	109.94	113.29	107.26	-0.64%
May 07, 2013	109.95	110.80	111.00	96.99	-0.95%
May 06, 2013	111.00	115.01	120.99	103.66	-3.49%
May 05, 2013	115.01	111.49	118.05	107.00	3.16%
May 04, 2013	111.49	98.59	116.00	93.01	13.08%
May 03, 2013	98.59	106.80	108.00	79.74	-7.69%
May 02, 2013	106.80	116.08	125.93	95.11	-8.00%
May 01, 2013	116.08	133.24	133.86	95.00	-13.26%
Apr 30, 2013	133.83	135.20	135.98	129.01	-1.01%
Apr 29, 2013	135.20	125.99	136.90	125.50	7.32%
Apr 28, 2013	125.98	122.11	131.50	121.59	2.73%
Apr 27, 2013	122.63	130.00	131.74	119.01	-5.67%
Apr 26, 2013	130.00	135.89	136.76	117.00	-4.33%
Apr 25, 2013	135.89	143.59	150.00	120.00	-5.30%
Apr 24, 2013	143.50	126.10	154.99	123.20	13.80%
Apr 23, 2013	126.10	115.46	126.90	113.25	9.18%
Apr 22, 2013	115.50	111.57	117.15	110.06	3.12%
Apr 21, 2013	112.00	116.59	119.93	96.00	-3.94%
Apr 20, 2013	116.60	112.36	119.99	108.06	3.73%
Apr 19, 2013	112.40	101.00	127.00	97.00	10.21%
Apr 18, 2013	101.99	87.37	105.96	81.78	16.73%
Apr 17, 2013	87.37	68.01	94.99	64.21	29.29%
Apr 16, 2013	67.57	82.51	84.00	51.00	-18.10%
Apr 15, 2013	82.51	91.70	99.00	69.90	-10.02%
Apr 14, 2013	91.70	92.00	102.02	90.00	-0.31%
Apr 13, 2013	91.98	104.89	117.70	84.50	-12.31%
Apr 12, 2013	104.89	80.00	131.00	53.00	31.11%
Apr 11, 2013	80.00	161.00	184.00	53.00	-50.31%
Apr 10, 2013	161.00	217.00	259.00	100.00	-25.21%
Apr 09, 2013	215.26	175.53	230.00	175.50	22.64%
Apr 08, 2013	175.52	151.60	184.50	150.10	16.12%
Apr 07, 2013	151.16	133.00	155.00	132.99	12.80%
Apr 06, 2013	134.01	134.22	139.00	131.12	-0.15%
Apr 05, 2013	134.21	123.12	137.00	122.28	9.01%
Apr 04, 2013	123.12	124.01	133.50	106.55	-0.71%
Apr 03, 2013	124.00	116.00	149.00	100.01	6.90%
Apr 02, 2013	116.00	99.50	116.00	97.00	16.58%
Apr 01, 2013	99.50	89.93	99.80	88.42	10.19%
Mar 31, 2013	90.30	87.80	90.50	87.80	2.84%
Mar 30, 2013	87.81	87.10	90.00	86.00	0.81%
Mar 29, 2013	87.10	86.18	91.00	83.00	-0.11%
Mar 28, 2013	87.20	84.30	93.20	70.00	3.54%
Mar 27, 2013	84.21	74.26	85.90	73.64	14.57%
Mar 26, 2013	73.51	69.90	74.99	69.50	4.56%
Mar 25, 2013	70.30	67.99	74.00	67.46	3.38%
Mar 24, 2013	68.00	61.54	68.00	58.63	10.51%
Mar 23, 2013	61.53	65.70	66.25	50.00	-6.06%
Mar 22, 2013	65.50	65.98	68.66	62.70	-0.75%
Mar 21, 2013	66.00	61.98	70.00	61.25	7.31%
Mar 20, 2013	61.50	54.00	65.00	53.20	13.16%
Mar 19, 2013	54.35	48.41	54.53	47.85	11.79%
Mar 18, 2013	48.62	43.90	49.64	43.72	10.77%
Mar 17, 2013	43.89	43.97	44.47	43.70	-0.96%
Mar 16, 2013	44.32	44.00	44.40	43.66	0.97%
Mar 15, 2013	43.89	43.30	44.50	42.50	1.36%
Mar 14, 2013	43.30	43.39	44.49	43.10	-0.11%
Mar 13, 2013	43.35	42.22	44.89	42.22	2.65%
Mar 12, 2013	42.23	45.99	46.00	36.20	-8.07%
Mar 11, 2013	45.94	44.30	45.99	44.28	3.59%
Mar 10, 2013	44.35	44.49	45.00	44.01	-0.30%
Mar 09, 2013	44.48	41.88	44.48	41.46	6.90%
Mar 08, 2013	41.61	40.97	42.32	39.80	1.53%
Mar 07, 2013	40.98	39.00	44.00	33.50	5.07%
Mar 06, 2013	39.00	38.97	45.00	38.75	0.09%
Mar 05, 2013	38.96	34.29	39.09	34.29	12.61%
Mar 04, 2013	34.60	32.11	34.80	31.89	7.77%
Mar 03, 2013	32.10	32.81	32.99	32.05	-2.52%
Mar 02, 2013	32.93	33.30	33.50	32.67	-1.69%
Mar 01, 2013	33.50	32.97	33.53	32.30	3.28%
Feb 28, 2013	32.44	30.30	33.42	30.00	7.06%
Feb 27, 2013	30.30	29.40	30.49	29.22	3.40%
Feb 26, 2013	29.30	28.98	29.84	28.81	1.03%
Feb 25, 2013	29.00	28.60	29.98	28.31	1.55%
Feb 24, 2013	28.56	28.99	29.30	28.07	-1.52%
Feb 23, 2013	29.00	29.02	29.90	25.41	-0.00%
Feb 22, 2013	29.00	29.31	30.20	29.00	-1.36%
Feb 21, 2013	29.40	29.16	29.41	29.00	0.80%
Feb 20, 2013	29.17	28.72	29.30	28.56	1.14%
Feb 19, 2013	28.84	26.55	28.90	26.35	8.62%
Feb 18, 2013	26.55	26.50	26.55	25.75	0.22%
Feb 17, 2013	26.49	26.60	26.70	25.28	-0.39%
Feb 16, 2013	26.60	26.49	26.67	26.20	0.40%
Feb 15, 2013	26.49	26.31	27.00	25.36	0.70%
Feb 14, 2013	26.31	24.33	26.70	21.84	9.15%
Feb 13, 2013	24.10	24.19	25.99	24.10	-0.36%
Feb 12, 2013	24.19	24.02	25.30	23.92	-0.22%
Feb 11, 2013	24.24	23.32	24.24	23.23	4.39%
Feb 10, 2013	23.22	23.30	23.40	22.38	-0.13%
Feb 09, 2013	23.25	22.34	23.49	22.09	4.29%
Feb 08, 2013	22.30	21.69	22.35	21.60	2.78%
Feb 07, 2013	21.69	20.75	21.70	20.40	4.54%
Feb 06, 2013	20.75	20.20	20.87	20.15	3.12%
Feb 05, 2013	20.12	20.10	20.30	19.85	0.07%
Feb 04, 2013	20.11	20.32	20.60	19.64	-1.48%
Feb 03, 2013	20.41	19.64	20.48	19.21	3.59%
Feb 02, 2013	19.70	20.35	20.35	18.30	-3.80%
Feb 01, 2013	20.48	19.96	20.60	19.96	1.94%
Jan 31, 2013	20.09	19.34	21.11	19.00	5.18%
Jan 30, 2013	19.10	18.85	19.35	18.56	1.33%
Jan 29, 2013	18.85	18.23	19.20	18.14	3.82%
Jan 28, 2013	18.16	17.27	18.22	17.27	4.94%
Jan 27, 2013	17.30	17.25	17.60	16.90	0.31%
Jan 26, 2013	17.25	17.08	17.25	16.50	1.44%
Jan 25, 2013	17.00	16.65	17.50	15.21	1.87%
Jan 24, 2013	16.69	17.18	18.80	15.80	-2.37%
Jan 23, 2013	17.10	16.95	17.20	16.30	-0.20%
Jan 22, 2013	17.13	16.20	17.49	16.13	5.75%
Jan 21, 2013	16.20	15.44	16.60	15.36	5.33%
Jan 20, 2013	15.38	15.29	15.50	15.10	0.61%
Jan 19, 2013	15.29	15.28	15.44	15.06	0.03%
Jan 18, 2013	15.28	15.32	15.78	15.10	-0.25%
Jan 17, 2013	15.32	14.39	15.32	14.35	6.42%
Jan 16, 2013	14.40	14.00	14.40	13.93	3.33%
Jan 15, 2013	13.93	14.00	14.06	13.90	-0.76%
Jan 14, 2013	14.04	13.92	14.04	13.80	0.85%
Jan 13, 2013	13.92	13.92	14.00	13.90	0.00%
Jan 12, 2013	13.92	14.04	14.10	13.90	-0.85%
Jan 11, 2013	14.04	13.93	14.10	13.82	0.73%
Jan 10, 2013	13.94	13.56	14.16	13.51	2.31%
Jan 09, 2013	13.62	13.58	13.79	13.48	0.78%
Jan 08, 2013	13.52	13.29	13.65	13.24	2.18%
Jan 07, 2013	13.23	13.09	13.29	13.07	0.77%
Jan 06, 2013	13.13	13.11	13.19	13.07	0.12%
Jan 05, 2013	13.11	13.23	13.24	13.09	-0.87%
Jan 04, 2013	13.23	13.21	13.24	13.15	0.16%
Jan 03, 2013	13.21	13.22	13.24	13.12	-0.06%
Jan 02, 2013	13.22	13.20	13.25	13.16	0.11%
Jan 01, 2013	13.20	13.28	13.40	13.13	-0.62%
Dec 31, 2012	13.28	13.25	13.34	13.15	0.74%
Dec 30, 2012	13.19	13.16	13.30	13.11	0.25%
Dec 29, 2012	13.15	13.21	13.33	13.12	-0.20%
Dec 28, 2012	13.18	13.09	13.22	13.06	0.69%
Dec 27, 2012	13.09	13.10	13.19	13.05	-0.11%
Dec 26, 2012	13.10	13.15	13.19	13.05	-0.05%
Dec 25, 2012	13.11	13.13	13.25	13.05	-0.15%
Dec 24, 2012	13.13	13.07	13.18	13.00	0.47%
Dec 23, 2012	13.07	13.20	13.20	12.95	-0.69%
Dec 22, 2012	13.16	13.19	13.23	13.00	-0.23%
Dec 21, 2012	13.19	13.21	13.21	12.92	0.08%
Dec 20, 2012	13.18	13.00	13.23	12.88	0.84%
Dec 19, 2012	13.07	13.10	13.15	12.89	0.54%
Dec 18, 2012	13.00	13.25	13.25	12.91	-1.92%
Dec 17, 2012	13.25	13.33	13.89	12.63	-1.81%
Dec 16, 2012	13.50	13.35	13.50	13.13	1.11%
Dec 15, 2012	13.35	13.39	13.44	13.31	0.36%
Dec 14, 2012	13.30	13.42	13.55	13.30	-0.70%
Dec 13, 2012	13.40	13.40	13.50	13.35	-0.39%
Dec 12, 2012	13.45	13.31	13.51	13.30	0.46%
Dec 11, 2012	13.39	13.21	13.39	13.13	1.05%
Dec 10, 2012	13.25	13.09	13.25	12.98	1.22%
Dec 09, 2012	13.09	13.10	13.19	12.91	-0.10%
Dec 08, 2012	13.10	13.20	13.30	13.10	-0.73%
Dec 07, 2012	13.20	13.18	13.50	12.80	0.14%
Dec 06, 2012	13.18	13.10	13.69	13.05	0.60%
Dec 05, 2012	13.10	13.15	13.28	12.92	-0.36%
Dec 04, 2012	13.15	12.29	13.30	12.26	6.57%
Dec 03, 2012	12.34	12.24	12.35	12.24	0.80%
Dec 02, 2012	12.24	12.30	12.40	12.22	-0.47%
Dec 01, 2012	12.30	12.35	12.40	12.23	0.30%
Nov 30, 2012	12.26	12.07	12.39	12.07	0.93%
Nov 29, 2012	12.15	12.03	12.30	11.99	0.66%
Nov 28, 2012	12.07	11.96	12.20	11.95	0.58%
Nov 27, 2012	12.00	11.89	12.35	11.41	0.93%
Nov 26, 2012	11.89	12.39	12.40	11.88	-2.96%
Nov 25, 2012	12.25	12.15	12.40	12.11	0.44%
Nov 24, 2012	12.20	12.10	12.20	11.94	0.82%
Nov 23, 2012	12.10	12.09	12.10	11.89	0.58%
Nov 22, 2012	12.03	11.62	12.20	11.61	3.62%
Nov 21, 2012	11.61	11.60	11.78	11.60	0.06%
Nov 20, 2012	11.60	11.59	11.75	11.59	0.11%
Nov 19, 2012	11.59	11.56	11.80	11.52	0.26%
Nov 18, 2012	11.56	11.54	11.65	11.47	0.86%
Nov 17, 2012	11.46	11.55	11.64	11.20	-0.25%
Nov 16, 2012	11.49	10.85	11.64	10.76	5.90%
Nov 15, 2012	10.85	10.69	10.97	10.67	1.02%
Nov 14, 2012	10.74	10.70	10.75	10.66	0.70%
Nov 13, 2012	10.66	10.73	10.79	10.60	-0.79%
Nov 12, 2012	10.75	10.52	10.79	10.34	2.20%
Nov 11, 2012	10.52	10.66	10.69	10.35	-1.32%
Nov 10, 2012	10.66	10.61	10.70	10.55	0.66%
Nov 09, 2012	10.59	10.55	10.70	10.47	0.37%
Nov 08, 2012	10.55	10.75	10.75	10.40	-1.90%
Nov 07, 2012	10.76	10.66	10.79	10.50	0.96%
Nov 06, 2012	10.65	10.50	10.69	10.40	1.49%
Nov 05, 2012	10.50	10.38	10.50	10.19	1.41%
Nov 04, 2012	10.35	10.35	10.45	10.00	0.00%
Nov 03, 2012	10.35	10.26	10.40	10.00	0.88%
Nov 02, 2012	10.26	10.70	10.70	10.10	-4.08%
Nov 01, 2012	10.70	10.92	11.10	10.50	-3.03%
Oct 31, 2012	11.03	10.60	11.03	10.52	5.17%
Oct 30, 2012	10.49	10.40	10.60	10.24	0.47%
Oct 29, 2012	10.44	10.35	10.44	10.11	0.92%
Oct 28, 2012	10.35	10.00	10.35	9.86	3.46%
Oct 27, 2012	10.00	9.83	10.43	9.32	2.18%
Oct 26, 2012	9.79	10.23	10.50	8.89	-4.36%
Oct 25, 2012	10.23	11.42	11.45	9.92	-10.24%
Oct 24, 2012	11.40	11.46	11.50	11.30	-0.52%
Oct 23, 2012	11.46	11.19	11.54	11.08	2.41%
Oct 22, 2012	11.19	11.39	11.50	11.13	-1.39%
Oct 21, 2012	11.35	11.48	11.52	11.31	-1.32%
Oct 20, 2012	11.50	11.50	11.61	11.30	0.00%
Oct 19, 2012	11.50	11.61	11.70	11.30	-0.91%
Oct 18, 2012	11.61	11.63	11.75	11.53	0.23%
Oct 17, 2012	11.58	11.75	11.80	11.10	-1.46%
Oct 16, 2012	11.75	11.57	11.75	11.50	1.71%
Oct 15, 2012	11.55	11.56	11.70	11.30	-0.21%
Oct 14, 2012	11.58	11.63	11.96	11.57	-1.06%
Oct 13, 2012	11.70	11.92	11.95	11.58	-1.85%
Oct 12, 2012	11.92	11.86	12.00	11.75	0.50%
Oct 11, 2012	11.86	11.90	12.00	11.75	-0.38%
Oct 10, 2012	11.91	12.00	12.30	11.77	-0.53%
Oct 09, 2012	11.97	11.67	12.18	11.67	2.31%
Oct 08, 2012	11.70	11.97	12.00	10.60	-0.84%
Oct 07, 2012	11.80	12.39	12.39	11.70	-4.76%
Oct 06, 2012	12.39	12.55	12.62	12.36	-1.31%
Oct 05, 2012	12.55	12.60	12.70	12.41	-0.37%
Oct 04, 2012	12.60	12.55	12.80	12.46	0.40%
Oct 03, 2012	12.55	12.27	12.55	12.20	2.03%
Oct 02, 2012	12.30	11.95	12.37	11.94	2.90%
Oct 01, 2012	11.95	12.10	12.17	11.93	-1.70%
Sep 30, 2012	12.16	12.17	12.25	12.08	-0.10%
Sep 29, 2012	12.17	12.10	12.31	12.03	0.18%
Sep 28, 2012	12.15	12.06	12.25	12.02	-0.23%
Sep 27, 2012	12.18	12.03	12.20	11.95	1.22%
Sep 26, 2012	12.03	11.84	12.20	11.79	1.53%
Sep 25, 2012	11.85	11.80	11.99	11.70	0.56%
Sep 24, 2012	11.78	11.98	12.00	11.63	-1.14%
Sep 23, 2012	11.92	11.98	12.00	11.57	-0.49%
Sep 22, 2012	11.98	12.11	12.20	11.93	-1.78%
Sep 21, 2012	12.20	12.35	12.50	11.86	-1.29%
Sep 20, 2012	12.36	12.42	12.57	12.23	0.03%
Sep 19, 2012	12.35	12.10	12.44	11.95	3.33%
Sep 18, 2012	11.95	11.62	12.10	11.59	2.61%
Sep 17, 2012	11.65	11.70	11.83	11.55	-0.01%
Sep 16, 2012	11.65	11.50	11.88	11.41	1.31%
Sep 15, 2012	11.50	11.64	11.64	11.35	-0.86%
Sep 14, 2012	11.60	11.19	11.65	11.19	3.65%
Sep 13, 2012	11.19	11.28	11.29	11.19	-0.75%
Sep 12, 2012	11.28	11.01	11.28	10.79	2.42%
Sep 11, 2012	11.01	10.95	11.10	10.80	0.50%
Sep 10, 2012	10.95	10.88	11.10	10.88	1.21%
Sep 09, 2012	10.82	11.01	11.09	10.70	-1.65%
Sep 08, 2012	11.01	11.00	11.10	10.69	0.02%
Sep 07, 2012	11.00	11.08	11.22	10.81	-0.67%
Sep 06, 2012	11.08	10.78	11.30	10.60	2.38%
Sep 05, 2012	10.82	10.17	10.90	10.05	5.14%
Sep 04, 2012	10.29	10.32	10.39	10.00	-1.31%
Sep 03, 2012	10.43	10.12	10.48	10.00	2.32%
Sep 02, 2012	10.19	10.00	10.50	9.72	2.43%
Sep 01, 2012	9.95	10.05	10.25	9.50	-0.50%
Aug 31, 2012	10.00	10.75	10.75	9.70	-7.62%
Aug 30, 2012	10.82	10.65	10.82	10.50	1.17%
Aug 29, 2012	10.70	10.80	11.03	10.65	-0.94%
Aug 28, 2012	10.80	11.00	11.50	10.50	-0.91%
Aug 27, 2012	10.90	10.56	12.20	10.56	3.26%
Aug 26, 2012	10.56	10.52	10.65	10.52	-0.23%
Aug 25, 2012	10.58	10.61	10.75	10.07	-1.20%
Aug 24, 2012	10.71	9.90	10.75	9.81	9.16%
Aug 23, 2012	9.81	9.82	10.10	9.80	-0.12%
Aug 22, 2012	9.82	9.85	10.33	9.65	-0.28%
Aug 21, 2012	9.85	9.70	10.19	9.30	1.55%
Aug 20, 2012	9.70	7.85	10.40	7.54	23.57%
Aug 19, 2012	7.85	11.30	11.60	7.54	-30.56%
Aug 18, 2012	11.30	12.60	13.47	10.78	-1.62%
Aug 17, 2012	11.49	13.15	15.30	10.83	-13.60%
Aug 16, 2012	13.30	13.20	13.39	12.58	1.51%
Aug 15, 2012	13.10	12.04	13.40	12.04	8.81%
Aug 14, 2012	12.04	11.70	12.10	11.70	2.46%
Aug 13, 2012	11.75	11.49	11.75	11.30	2.98%
Aug 12, 2012	11.41	11.28	11.50	11.28	1.14%
Aug 11, 2012	11.28	11.17	11.31	11.10	-0.01%
Aug 10, 2012	11.28	11.00	11.40	10.80	2.56%
Aug 09, 2012	11.00	10.82	12.00	10.80	1.70%
Aug 08, 2012	10.82	10.74	10.90	10.64	0.73%
Aug 07, 2012	10.74	10.59	10.75	10.42	0.50%
Aug 06, 2012	10.69	10.34	10.88	10.20	3.35%
Aug 05, 2012	10.34	10.58	10.62	10.04	-2.30%
Aug 04, 2012	10.58	10.85	11.00	10.40	-0.93%
Aug 03, 2012	10.68	10.38	11.09	10.04	4.72%
Aug 02, 2012	10.20	9.35	10.40	9.10	9.10%
Aug 01, 2012	9.35	9.18	9.39	9.01	2.16%
Jul 31, 2012	9.15	8.85	9.90	8.85	3.38%
Jul 30, 2012	8.85	8.58	8.98	8.37	3.16%
Jul 29, 2012	8.58	8.61	8.71	8.57	-0.38%
Jul 28, 2012	8.61	8.66	8.73	8.61	-1.28%
Jul 27, 2012	8.73	8.70	8.75	8.50	0.31%
Jul 26, 2012	8.70	8.51	8.71	8.42	2.21%
Jul 25, 2012	8.51	8.45	8.61	8.30	0.90%
Jul 24, 2012	8.44	8.40	8.55	8.25	-0.62%
Jul 23, 2012	8.49	8.44	8.50	7.80	4.79%
Jul 22, 2012	8.10	8.50	8.55	8.10	-3.81%
Jul 21, 2012	8.42	8.40	8.89	7.89	0.12%
Jul 20, 2012	8.41	8.80	9.03	7.82	-6.94%
Jul 19, 2012	9.04	8.90	9.08	8.80	1.55%
Jul 18, 2012	8.90	8.60	9.15	8.39	5.33%
Jul 17, 2012	8.45	8.08	9.00	7.67	4.58%
Jul 16, 2012	8.08	7.44	8.08	7.41	9.04%
Jul 15, 2012	7.41	7.49	7.49	7.36	-1.07%
Jul 14, 2012	7.49	7.49	7.54	7.40	1.12%
Jul 13, 2012	7.41	7.50	7.70	7.30	-1.23%
Jul 12, 2012	7.50	6.95	7.50	6.94	6.84%
Jul 11, 2012	7.02	7.00	7.13	6.92	0.27%
Jul 10, 2012	7.00	6.60	7.14	6.55	6.06%
Jul 09, 2012	6.60	6.65	6.75	6.54	-0.65%
Jul 08, 2012	6.64	6.72	6.74	6.55	0.33%
Jul 07, 2012	6.62	6.55	6.74	6.50	1.91%
Jul 06, 2012	6.50	6.49	6.57	6.43	-0.58%
Jul 05, 2012	6.53	6.39	6.60	6.35	2.13%
Jul 04, 2012	6.40	6.40	6.50	6.32	0.00%
Jul 03, 2012	6.40	6.63	6.64	6.31	-3.19%
Jul 02, 2012	6.61	6.60	6.69	6.50	0.15%
Jul 01, 2012	6.60	6.61	6.64	6.60	-0.02%
Jun 30, 2012	6.60	6.61	6.65	6.60	0.02%
Jun 29, 2012	6.60	6.47	6.60	6.40	2.18%
Jun 28, 2012	6.46	6.55	6.58	6.43	-1.40%
Jun 27, 2012	6.55	6.25	6.60	6.20	4.82%
Jun 26, 2012	6.25	6.20	6.40	6.19	0.90%
Jun 25, 2012	6.19	6.20	6.28	5.92	-0.10%
Jun 24, 2012	6.20	6.22	6.40	6.01	-0.80%
Jun 23, 2012	6.25	6.46	6.46	6.20	-3.22%
Jun 22, 2012	6.46	6.59	6.65	6.40	-1.40%
Jun 21, 2012	6.55	6.51	6.70	6.45	-0.74%
Jun 20, 2012	6.60	6.30	6.86	6.27	5.30%
Jun 19, 2012	6.27	6.22	6.45	6.16	0.53%
Jun 18, 2012	6.23	6.10	6.32	5.99	2.20%
Jun 17, 2012	6.10	6.38	6.40	5.80	-2.56%
Jun 16, 2012	6.26	6.50	6.65	6.13	-3.66%
Jun 15, 2012	6.50	5.86	6.50	5.76	11.08%
Jun 14, 2012	5.85	5.84	5.88	5.65	2.63%
Jun 13, 2012	5.70	5.52	5.90	5.52	3.32%
Jun 12, 2012	5.52	5.50	5.70	5.39	-1.43%
Jun 11, 2012	5.60	5.30	5.70	5.25	5.62%
Jun 10, 2012	5.30	5.45	5.46	5.16	-3.46%
Jun 09, 2012	5.49	5.56	5.59	5.42	-1.29%
Jun 08, 2012	5.56	5.45	5.80	5.43	1.66%
Jun 07, 2012	5.47	5.33	5.50	5.32	2.70%
Jun 06, 2012	5.33	5.29	5.37	5.27	0.66%
Jun 05, 2012	5.29	5.15	5.40	5.13	3.30%
Jun 04, 2012	5.12	5.10	5.18	5.09	0.43%
Jun 03, 2012	5.10	5.13	5.13	5.09	0.26%
Jun 02, 2012	5.09	5.15	5.15	5.09	-1.22%
Jun 01, 2012	5.15	5.07	5.20	5.06	2.00%
May 31, 2012	5.05	5.02	5.10	5.02	0.58%
May 30, 2012	5.02	5.01	5.05	5.01	0.10%
May 29, 2012	5.01	5.06	5.06	5.00	0.04%
May 28, 2012	5.01	5.00	5.10	5.00	0.22%
May 27, 2012	5.00	4.98	5.03	4.94	0.24%
May 26, 2012	4.99	5.01	5.03	4.98	-0.40%
May 25, 2012	5.01	5.03	5.04	4.99	-0.48%
May 24, 2012	5.03	5.00	5.03	4.98	1.19%
May 23, 2012	4.97	4.99	5.05	4.97	-0.10%
May 22, 2012	4.98	4.96	5.01	4.96	0.00%
May 21, 2012	4.98	4.98	5.02	4.95	-0.20%
May 20, 2012	4.99	5.01	5.01	4.97	-0.36%
May 19, 2012	5.01	4.99	5.02	4.95	0.38%
May 18, 2012	4.99	5.00	5.02	4.93	-0.18%
May 17, 2012	5.00	4.98	5.00	4.96	0.36%
May 16, 2012	4.98	4.90	5.00	4.84	1.84%
May 15, 2012	4.89	4.87	4.94	4.85	-0.20%
May 14, 2012	4.90	4.84	4.95	4.83	1.24%
May 13, 2012	4.84	4.90	4.93	4.84	0.39%
May 12, 2012	4.82	4.85	5.08	4.80	0.44%
May 11, 2012	4.80	4.88	4.90	4.75	-1.64%
May 10, 2012	4.88	4.92	4.97	4.87	-0.81%
May 09, 2012	4.92	4.90	4.97	4.90	0.00%
May 08, 2012	4.92	4.97	5.00	4.90	-1.01%
May 07, 2012	4.97	4.93	5.00	4.91	0.18%
May 06, 2012	4.96	4.90	5.20	4.87	1.24%
May 05, 2012	4.90	4.96	5.00	4.86	-1.29%
May 04, 2012	4.96	5.00	5.04	4.94	-0.72%
May 03, 2012	5.00	4.96	5.00	4.93	0.81%
May 02, 2012	4.96	4.86	5.10	4.86	2.37%
May 01, 2012	4.84	4.92	4.93	4.82	-1.48%
Apr 30, 2012	4.92	4.82	4.92	4.80	2.03%
Apr 29, 2012	4.82	4.94	4.94	4.82	-2.37%
Apr 28, 2012	4.94	5.00	5.04	4.85	-1.24%
Apr 27, 2012	5.00	5.00	5.00	4.93	-0.02%
Apr 26, 2012	5.00	5.05	5.07	4.93	-1.65%
Apr 25, 2012	5.08	5.00	5.09	4.95	1.68%
Apr 24, 2012	5.00	5.03	5.07	4.87	-1.50%
Apr 23, 2012	5.08	5.07	5.10	5.03	0.32%
Apr 22, 2012	5.06	5.18	5.23	5.03	-1.75%
Apr 21, 2012	5.15	5.30	5.35	5.08	-3.74%
Apr 20, 2012	5.35	4.99	5.38	4.95	7.21%
Apr 19, 2012	4.99	5.12	5.15	4.93	-2.54%
Apr 18, 2012	5.12	4.93	5.12	4.93	4.09%
Apr 17, 2012	4.92	4.83	4.93	4.79	1.11%
Apr 16, 2012	4.86	4.81	4.87	4.77	-0.08%
Apr 15, 2012	4.87	4.85	4.87	4.75	1.23%
Apr 14, 2012	4.81	4.80	4.95	4.77	0.15%
Apr 13, 2012	4.80	4.80	4.83	4.50	2.15%
Apr 12, 2012	4.70	4.77	4.84	4.69	-1.84%
Apr 11, 2012	4.79	4.66	4.83	4.66	2.90%
Apr 10, 2012	4.66	4.59	4.76	4.48	1.42%
Apr 09, 2012	4.59	4.45	4.60	4.41	0.88%
Apr 08, 2012	4.55	4.50	4.67	4.41	1.34%
Apr 07, 2012	4.49	4.84	4.85	4.49	-6.48%
Apr 06, 2012	4.80	4.80	4.85	4.77	0.02%
Apr 05, 2012	4.80	4.78	4.82	4.71	0.42%
Apr 04, 2012	4.78	4.80	4.85	4.71	-0.60%
Apr 03, 2012	4.81	4.77	4.88	4.64	-0.02%
Apr 02, 2012	4.81	4.57	4.85	4.40	5.71%
Apr 01, 2012	4.55	4.60	4.63	4.49	-0.20%
Mar 31, 2012	4.56	4.65	4.70	4.51	-1.96%
Mar 30, 2012	4.65	4.50	4.65	4.41	3.33%
Mar 29, 2012	4.50	4.50	4.65	4.31	0.00%
Mar 28, 2012	4.50	4.45	4.70	4.43	0.00%
Mar 27, 2012	4.50	4.39	4.50	4.34	2.48%
Mar 26, 2012	4.39	4.35	4.46	4.27	2.07%
Mar 25, 2012	4.30	4.44	4.54	4.22	-3.54%
Mar 24, 2012	4.46	4.58	4.62	4.38	0.88%
Mar 23, 2012	4.42	4.52	4.54	4.35	-2.19%
Mar 22, 2012	4.52	4.58	4.61	4.45	-1.53%
Mar 21, 2012	4.59	4.56	4.70	4.56	-2.28%
Mar 20, 2012	4.70	4.64	4.70	4.51	1.25%
Mar 19, 2012	4.64	4.81	4.92	4.58	-5.67%
Mar 18, 2012	4.92	5.03	5.03	4.80	-2.32%
Mar 17, 2012	5.03	4.85	5.04	4.85	2.36%
Mar 16, 2012	4.92	4.79	4.99	4.79	2.69%
Mar 15, 2012	4.79	4.90	4.96	4.70	-2.30%
Mar 14, 2012	4.90	4.77	5.20	4.72	3.79%
Mar 13, 2012	4.72	4.41	4.97	4.41	7.10%
Mar 12, 2012	4.41	4.44	4.57	4.40	-1.98%
Mar 11, 2012	4.50	4.46	4.55	4.35	0.90%
Mar 10, 2012	4.46	4.37	4.51	4.19	-0.22%
Mar 09, 2012	4.47	4.67	4.67	4.36	-3.46%
Mar 08, 2012	4.63	4.52	4.73	4.51	2.43%
Mar 07, 2012	4.52	4.83	4.84	4.45	0.42%
Mar 06, 2012	4.50	4.50	4.90	4.35	0.04%
Mar 05, 2012	4.50	4.38	4.50	4.23	1.19%
Mar 04, 2012	4.45	4.27	4.45	4.25	4.12%
Mar 03, 2012	4.27	4.30	4.41	4.22	-3.17%
Mar 02, 2012	4.41	4.37	4.49	4.16	-1.91%
Mar 01, 2012	4.50	4.43	4.55	4.30	1.49%
Feb 29, 2012	4.43	4.51	4.55	4.15	-2.62%
Feb 28, 2012	4.55	4.56	4.60	4.43	1.09%
Feb 27, 2012	4.50	4.60	4.70	4.50	-4.26%
Feb 26, 2012	4.70	4.50	4.70	4.45	4.40%
Feb 25, 2012	4.50	4.51	4.65	4.50	-0.18%
Feb 24, 2012	4.51	4.55	4.70	4.35	0.00%
Feb 23, 2012	4.51	4.22	4.60	4.18	6.12%
Feb 22, 2012	4.25	4.25	4.28	4.10	1.80%
Feb 21, 2012	4.18	4.15	4.47	4.02	-9.02%
Feb 20, 2012	4.59	4.15	4.60	4.00	15.30%
Feb 19, 2012	3.98	4.10	4.34	3.90	-2.95%
Feb 18, 2012	4.10	4.10	4.36	4.10	-1.18%
Feb 17, 2012	4.15	4.07	4.60	4.07	1.22%
Feb 16, 2012	4.10	4.36	4.49	4.00	-5.75%
Feb 15, 2012	4.35	4.58	5.25	4.35	-11.21%
Feb 14, 2012	4.90	5.18	5.35	3.88	-5.42%
Feb 13, 2012	5.18	5.39	5.41	5.18	-3.88%
Feb 12, 2012	5.39	5.61	5.68	5.36	-3.85%
Feb 11, 2012	5.61	5.80	5.84	5.61	-1.49%
Feb 10, 2012	5.69	5.60	5.80	5.51	2.50%
Feb 09, 2012	5.55	5.41	5.70	5.41	2.57%
Feb 08, 2012	5.41	5.34	5.67	5.18	4.08%
Feb 07, 2012	5.20	5.23	5.45	5.15	-1.65%
Feb 06, 2012	5.29	5.41	5.65	5.20	-2.27%
Feb 05, 2012	5.41	5.79	5.90	5.35	-6.53%
Feb 04, 2012	5.79	5.80	5.92	5.71	-0.24%
Feb 03, 2012	5.80	5.89	5.98	5.61	-1.66%
Feb 02, 2012	5.90	5.61	5.98	5.35	5.36%
Feb 01, 2012	5.60	5.35	5.82	5.22	4.67%
Jan 31, 2012	5.35	5.29	5.40	5.17	1.19%
Jan 30, 2012	5.29	5.15	5.45	5.15	3.44%
Jan 29, 2012	5.11	5.02	6.10	5.00	1.81%
Jan 28, 2012	5.02	5.00	5.44	5.00	0.40%
Jan 27, 2012	5.00	5.30	5.30	4.90	-7.58%
Jan 26, 2012	5.41	5.70	5.83	5.40	-4.25%
Jan 25, 2012	5.65	5.90	6.01	5.65	-5.83%
Jan 24, 2012	6.00	6.00	6.10	5.80	2.88%
Jan 23, 2012	5.83	6.00	6.25	5.80	-2.80%
Jan 22, 2012	6.00	6.00	6.13	5.81	0.02%
Jan 21, 2012	6.00	6.14	6.14	5.82	-2.28%
Jan 20, 2012	6.14	6.26	6.26	5.91	-1.93%
Jan 19, 2012	6.26	6.10	6.30	5.82	7.01%
Jan 18, 2012	5.85	6.19	6.60	5.41	2.63%
Jan 17, 2012	5.70	6.40	6.75	5.50	-10.94%
Jan 16, 2012	6.40	6.84	6.90	6.38	-5.20%
Jan 15, 2012	6.75	6.63	6.84	6.58	0.16%
Jan 14, 2012	6.74	6.45	6.79	6.25	4.33%
Jan 13, 2012	6.46	6.50	6.60	6.33	-0.62%
Jan 12, 2012	6.50	6.42	6.67	6.37	1.21%
Jan 11, 2012	6.42	6.32	6.76	6.31	1.61%
Jan 10, 2012	6.32	6.20	6.50	6.20	1.92%
Jan 09, 2012	6.20	6.72	7.01	6.20	-6.06%
Jan 08, 2012	6.60	6.17	6.73	6.16	3.19%
Jan 07, 2012	6.40	6.48	6.48	6.15	-1.28%
Jan 06, 2012	6.48	6.76	7.00	6.11	-4.13%
Jan 05, 2012	6.76	5.59	6.90	5.59	20.96%
Jan 04, 2012	5.59	4.81	5.59	4.75	17.15%
Jan 03, 2012	4.77	5.07	5.22	4.70	-5.82%
Jan 02, 2012	5.07	5.29	5.35	4.71	6.41%
Jan 01, 2012	4.76	4.52	5.50	4.52	2.41%
Dec 31, 2011	4.65	4.25	4.80	4.00	14.45%
Dec 30, 2011	4.06	4.06	4.29	3.99	0.00%
Dec 29, 2011	4.06	4.10	4.29	4.06	-0.95%
Dec 28, 2011	4.10	3.92	4.20	3.90	4.59%
Dec 27, 2011	3.92	3.89	4.01	3.75	-1.26%
Dec 26, 2011	3.97	4.05	4.25	3.85	-2.00%
Dec 25, 2011	4.05	3.85	4.23	3.85	5.28%
Dec 24, 2011	3.85	3.90	3.93	3.80	-1.33%
Dec 23, 2011	3.90	3.77	4.30	3.77	0.85%
Dec 22, 2011	3.87	3.85	3.90	3.63	0.44%
Dec 21, 2011	3.85	4.00	4.00	3.67	0.94%
Dec 20, 2011	3.81	3.50	4.49	3.50	5.94%
Dec 19, 2011	3.60	3.17	3.65	3.15	13.56%
Dec 18, 2011	3.17	3.14	3.20	3.14	0.32%
Dec 17, 2011	3.16	3.16	3.26	3.11	0.10%
Dec 16, 2011	3.16	3.09	3.16	3.04	3.81%
Dec 15, 2011	3.04	3.13	3.16	3.01	-2.81%
Dec 14, 2011	3.13	3.02	3.19	2.97	3.27%
Dec 13, 2011	3.03	3.08	3.08	2.95	-2.23%
Dec 12, 2011	3.10	3.22	3.22	2.96	-1.96%
Dec 11, 2011	3.16	2.91	3.23	2.84	10.52%
Dec 10, 2011	2.86	2.70	2.92	2.70	5.85%
Dec 09, 2011	2.70	2.82	2.94	2.70	-5.85%
Dec 08, 2011	2.87	2.75	2.94	2.67	4.36%
Dec 07, 2011	2.75	2.84	2.84	2.63	-3.51%
Dec 06, 2011	2.85	2.85	2.97	2.74	3.90%
Dec 05, 2011	2.74	2.73	2.89	2.60	0.33%
Dec 04, 2011	2.73	2.77	3.03	2.50	-1.51%
Dec 03, 2011	2.78	2.99	3.20	2.77	-8.98%
Dec 02, 2011	3.05	3.02	3.05	2.90	0.00%
Dec 01, 2011	3.05	2.89	3.05	2.76	9.24%
Nov 30, 2011	2.79	2.80	2.95	2.71	3.29%
Nov 29, 2011	2.70	2.44	2.99	2.43	8.12%
Nov 28, 2011	2.50	2.47	2.59	2.40	1.21%
Nov 27, 2011	2.47	2.43	2.48	2.37	2.49%
Nov 26, 2011	2.41	2.30	2.45	2.30	4.78%
Nov 25, 2011	2.30	2.29	2.48	2.29	0.44%
Nov 24, 2011	2.29	2.30	2.39	2.15	-0.43%
Nov 23, 2011	2.30	2.20	2.34	2.11	0.88%
Nov 22, 2011	2.28	2.28	2.30	2.10	3.68%
Nov 21, 2011	2.20	2.19	2.30	2.00	0.50%
Nov 20, 2011	2.19	2.13	2.20	2.01	6.21%
Nov 19, 2011	2.06	2.11	2.19	2.00	-1.90%
Nov 18, 2011	2.10	2.25	2.30	2.00	-6.67%
Nov 17, 2011	2.25	2.56	2.56	2.00	-13.43%
Nov 16, 2011	2.60	2.32	2.60	2.30	12.03%
Nov 15, 2011	2.32	2.30	2.75	2.25	1.31%
Nov 14, 2011	2.29	2.88	2.88	2.15	-23.08%
Nov 13, 2011	2.98	2.90	3.00	2.86	2.66%
Nov 12, 2011	2.90	3.00	3.03	2.80	-3.30%
Nov 11, 2011	3.00	2.83	3.00	2.73	5.97%
Nov 10, 2011	2.83	2.93	2.93	2.72	-3.41%
Nov 09, 2011	2.93	2.98	2.99	2.80	-2.01%
Nov 08, 2011	2.99	3.02	3.22	2.80	-0.86%
Nov 07, 2011	3.02	2.97	3.05	2.80	1.65%
Nov 06, 2011	2.97	2.98	3.00	2.88	-0.44%
Nov 05, 2011	2.98	3.10	3.21	2.90	-0.73%
Nov 04, 2011	3.00	3.20	3.27	3.00	-6.19%
Nov 03, 2011	3.20	3.20	3.39	3.16	-0.87%
Nov 02, 2011	3.23	3.15	3.39	3.15	4.74%
Nov 01, 2011	3.08	3.22	3.45	3.08	-4.43%
Oct 31, 2011	3.22	3.15	3.44	3.09	-1.38%
Oct 30, 2011	3.27	3.65	3.67	3.11	-8.04%
Oct 29, 2011	3.56	3.12	3.65	3.01	18.10%
Oct 28, 2011	3.01	2.89	3.19	2.79	3.83%
Oct 27, 2011	2.90	2.74	3.00	2.69	5.65%
Oct 26, 2011	2.74	2.80	2.85	2.62	1.67%
Oct 25, 2011	2.70	2.50	2.95	2.50	5.88%
Oct 24, 2011	2.55	3.00	3.10	2.55	-15.00%
Oct 23, 2011	3.00	3.06	3.33	2.92	-1.80%
Oct 22, 2011	3.06	2.50	3.46	2.50	22.20%
Oct 21, 2011	2.50	2.34	2.65	2.33	7.34%
Oct 20, 2011	2.33	2.20	2.35	2.00	5.86%
Oct 19, 2011	2.20	2.59	2.59	2.00	-15.03%
Oct 18, 2011	2.59	2.43	2.82	2.41	7.87%
Oct 17, 2011	2.40	3.59	3.72	2.21	-33.15%
Oct 16, 2011	3.59	3.84	3.94	3.33	-6.53%
Oct 15, 2011	3.84	4.05	4.08	3.79	0.79%
Oct 14, 2011	3.81	3.90	4.09	3.70	-2.31%
Oct 13, 2011	3.90	3.90	4.15	3.90	-1.71%
Oct 12, 2011	3.97	3.92	3.97	3.80	1.35%
Oct 11, 2011	3.92	4.10	4.17	3.92	-4.49%
Oct 10, 2011	4.10	4.01	4.19	3.91	0.00%
Oct 09, 2011	4.10	4.20	4.23	3.90	-1.20%
Oct 08, 2011	4.15	4.22	4.30	3.80	0.00%
Oct 07, 2011	4.15	4.55	4.68	4.10	-11.13%
Oct 06, 2011	4.67	4.70	4.71	4.45	-0.64%
Oct 05, 2011	4.70	4.74	4.75	4.51	-1.05%
Oct 04, 2011	4.75	4.85	4.99	4.60	-2.86%
Oct 03, 2011	4.89	4.95	5.00	4.62	-1.21%
Oct 02, 2011	4.95	5.00	5.00	4.90	-1.00%
Oct 01, 2011	5.00	5.05	5.10	4.80	-1.96%
Sep 30, 2011	5.10	4.56	5.10	4.56	11.84%
Sep 29, 2011	4.56	4.52	4.56	4.46	0.88%
Sep 28, 2011	4.52	4.61	5.02	4.46	-1.95%
Sep 27, 2011	4.61	4.70	5.25	4.48	0.22%
Sep 26, 2011	4.60	5.19	5.20	4.40	-9.80%
Sep 25, 2011	5.10	5.15	5.25	4.61	-2.82%
Sep 24, 2011	5.25	5.30	5.35	5.00	-0.98%
Sep 23, 2011	5.30	5.20	5.50	5.00	-0.75%
Sep 22, 2011	5.34	5.50	5.60	4.92	-2.89%
Sep 21, 2011	5.50	5.65	5.93	5.00	-5.19%
Sep 20, 2011	5.80	5.50	6.50	5.31	5.84%
Sep 19, 2011	5.48	4.78	5.90	4.50	14.17%
Sep 18, 2011	4.80	4.50	5.44	4.40	6.67%
Sep 17, 2011	4.50	4.50	4.78	4.35	0.00%
Sep 16, 2011	4.50	4.70	5.20	4.23	-4.26%
Sep 15, 2011	4.70	5.50	5.50	4.47	-12.96%
Sep 14, 2011	5.40	5.70	5.75	4.50	-3.57%
Sep 13, 2011	5.60	5.70	6.00	5.20	1.82%
Sep 12, 2011	5.50	5.92	6.04	5.50	-8.35%
Sep 11, 2011	6.00	4.75	6.66	4.52	27.68%
Sep 10, 2011	4.70	5.40	5.50	4.70	-14.55%
Sep 09, 2011	5.50	6.50	6.70	4.51	-15.38%
Sep 08, 2011	6.50	6.81	7.00	6.17	-8.45%
Sep 07, 2011	7.10	6.60	7.12	6.52	4.41%
Sep 06, 2011	6.80	7.60	7.60	6.52	-11.11%
Sep 05, 2011	7.65	8.21	8.21	7.55	-6.88%
Sep 04, 2011	8.22	8.50	8.70	8.21	-4.04%
Sep 03, 2011	8.56	8.50	8.75	8.40	0.72%
Sep 02, 2011	8.50	8.11	8.50	8.01	4.80%
Sep 01, 2011	8.11	8.16	8.37	8.01	0.01%
Aug 31, 2011	8.11	8.50	8.80	8.11	-7.84%
Aug 30, 2011	8.80	8.70	9.00	8.50	1.15%
Aug 29, 2011	8.70	8.60	9.00	8.60	1.16%
Aug 28, 2011	8.60	8.50	8.80	8.50	-2.27%
Aug 27, 2011	8.80	8.00	9.00	8.00	10.00%
Aug 26, 2011	8.00	9.55	9.55	8.00	-17.10%
Aug 25, 2011	9.65	10.70	10.70	9.51	-9.81%
Aug 24, 2011	10.70	10.61	10.98	10.50	-0.47%
Aug 23, 2011	10.75	10.90	11.10	10.50	-1.38%
Aug 22, 2011	10.90	11.10	11.25	10.71	-1.00%
Aug 21, 2011	11.01	11.10	12.00	10.88	-2.48%
Aug 20, 2011	11.29	10.72	11.43	10.71	-0.09%
Aug 19, 2011	11.30	10.50	11.40	10.50	7.72%
Aug 18, 2011	10.49	10.30	10.88	10.30	-0.10%
Aug 17, 2011	10.50	10.83	11.00	10.00	-5.41%
Aug 16, 2011	11.10	11.20	11.47	10.82	-6.72%
Aug 15, 2011	11.90	11.00	11.90	10.00	19.00%