Date,Price,Open,High,Low,Change %
2016-07-31,620.89,646.37,649,620,-3.94%
2016-07-30,646.37,648,650,645.51,-0.25%
2016-07-29,648,647.97,650,645.36,0.15%
2016-07-27,647,648.05,651.8,643,-0.16%
2016-07-26,648.05,648,653,641.01,0.01%
2016-07-25,648,653.41,656.71,645,-0.83%
2016-07-24,653.41,650,658.06,645.34,0.52%
2016-07-23,650,645,652,642,0.78%
2016-07-22,645,659.83,660.87,640,-2.25%
2016-07-21,659.83,655.92,661.1,650.55,0.60%
2016-07-20,655.92,661.22,663,652.39,-0.80%
2016-07-19,661.22,656.35,663.7,655,0.61%
2016-07-18,657.22,665.8,668.81,654.1,-1.23%
2016-07-17,665.43,649.28,669.01,647,2.53%
2016-07-16,649,651.79,654.9,646.42,-0.43%
2016-07-15,651.79,644.6,655,644.24,1.12%
2016-07-14,644.6,645.01,652,642.99,-0.06%
2016-07-13,645.01,650.2,659,645,-1.23%
2016-07-12,653.01,636.6,660,635,2.58%
2016-07-11,636.6,635.89,644.89,630,0.11%
2016-07-10,635.89,638,639,626.42,-0.33%
2016-07-09,638,646,648.5,620.03,-1.24%
2016-07-08,646,623.32,646,620.11,3.36%
2016-07-07,625,656,660,589.71,-4.73%
2016-07-06,656,650.5,662.5,650.5,0.85%
2016-07-05,650.5,661.23,664.88,645,-1.91%
2016-07-04,663.14,650.1,665.84,641.05,2.00%
2016-07-03,650.1,684,685.76,642.78,-4.96%
2016-07-02,684,662.75,687.8,658.9,3.36%
2016-07-01,661.78,662.31,674,648.18,-0.08%
2016-06-30,662.31,623.11,662.89,618,6.29%
2016-06-29,623.11,622.68,630,605.01,-0.05%
2016-06-28,623.42,635.01,640,622.68,-1.83%
2016-06-27,635.01,607.3,635.01,600,4.56%
2016-06-26,607.3,637.9,641.4,600,-4.80%
2016-06-25,637.9,636,660,627.34,0.30%
2016-06-24,636,596.9,669,596.9,6.55%
2016-06-23,596.9,545.9,606,522.48,9.34%
2016-06-22,545.9,638.29,666.39,538,-14.24%
2016-06-21,636.57,703,705.19,607.99,-9.45%
2016-06-20,703,729.85,733,698.96,-3.68%
2016-06-19,729.85,724,735,718,0.81%
2016-06-18,724,720.99,745,712.77,0.42%
2016-06-17,720.99,729.77,735.13,680,-1.20%
2016-06-16,729.77,669.43,740,662,9.01%
2016-06-15,669.43,672.61,678.9,650,-0.47%
2016-06-14,672.61,680.81,686,638,-1.29%
2016-06-13,681.39,632.57,690,624.5,7.72%
2016-06-12,632.57,589.99,646,584.46,7.22%
2016-06-11,589.99,566.52,590,565,4.14%
2016-06-10,566.52,562.74,568.2,561.1,0.67%
2016-06-09,562.74,568.95,570,558.85,-1.09%
2016-06-08,568.95,563.1,573.22,561.01,1.11%
2016-06-07,562.7,577.7,584,552.6,-2.60%
2016-06-06,577.7,562.3,578.91,560.23,2.74%
2016-06-05,562.3,560.5,569.15,557.56,0.32%
2016-06-04,560.5,551,578,548.11,1.72%
2016-06-03,551,526.95,555,525.01,4.56%
2016-06-02,526.95,524.77,529,521,0.42%
2016-06-01,524.77,513.69,527.89,511.14,2.16%
2016-05-31,513.69,525.89,538,508.11,-2.32%
2016-05-30,525.89,509.74,535.43,507.6,3.17%
2016-05-29,509.74,505,545,492,0.24%
2016-05-28,508.5,468,510.05,466.58,8.65%
2016-05-27,468,450.9,474,450,3.79%
2016-05-26,450.9,450.78,453,447,0.03%
2016-05-25,450.78,445.7,450.78,445.7,1.14%
2016-05-24,445.7,444.79,448.99,443.1,0.21%
2016-05-23,444.79,439.27,445.85,437.9,1.26%
2016-05-22,439.27,442,443.83,437.3,-0.47%
2016-05-21,441.33,440.54,444.5,439.5,0.13%
2016-05-20,440.76,438.47,445.38,435.53,0.52%
2016-05-19,438.47,453.65,455,434.86,-3.35%
2016-05-18,453.65,452,456.68,451.2,0.14%
2016-05-17,453,452.69,455,451.01,0.07%
2016-05-16,452.69,456.46,457.5,451.1,-0.83%
2016-05-15,456.46,455.93,459.08,452.4,0.12%
2016-05-14,455.93,451.23,456.01,451,1.04%
2016-05-13,451.23,451.15,455,449.98,0.02%
2016-05-12,451.15,451.04,453,448,0.03%
2016-05-11,451.04,447.5,453.4,447.34,0.71%
2016-05-10,447.87,454.17,457.31,446.28,-1.39%
2016-05-09,454.17,452.27,458,450,0.35%
2016-05-08,452.6,454.19,455.04,450.92,-0.35%
2016-05-07,454.19,452.27,455,450.92,0.42%
2016-05-06,452.27,443.34,455,442.53,1.63%
2016-05-05,445.01,442.04,445.5,441.01,0.67%
2016-05-04,442.04,447,448.74,441.01,-1.11%
2016-05-03,447,443.45,448.09,439.8,0.80%
2016-05-02,443.45,449,450.21,440,-1.23%
2016-05-01,449,447.24,450.99,445.51,0.39%
2016-04-30,447.24,450,452.58,445.5,-0.61%
2016-04-29,450,442.6,451.42,441.3,1.67%
2016-04-28,442.6,444,446.87,436,-0.29%
2016-04-27,443.89,460,461.66,443,-3.50%
2016-04-26,460,453.32,462.34,452.45,1.47%
2016-04-25,453.32,445.88,458.33,445.88,1.41%
2016-04-24,447,444.07,449.78,443.3,0.66%
2016-04-23,444.07,435.51,444.09,435.51,1.96%
2016-04-22,435.51,443.59,444.44,435.1,-1.82%
2016-04-21,443.59,435.77,444,434,1.79%
2016-04-20,435.77,429,437.99,427.55,1.58%
2016-04-19,429,425.19,430,423,0.89%
2016-04-18,425.2,423.5,427,420,0.40%
2016-04-17,423.5,426.92,428.32,420,-0.80%
2016-04-16,426.92,424.99,429,423,0.46%
2016-04-15,424.99,420,427,419.92,1.19%
2016-04-14,420,418.37,421.2,418.11,0.39%
2016-04-13,418.37,419.23,421.7,417.27,-0.21%
2016-04-12,419.23,417.57,421.7,416.98,0.38%
2016-04-11,417.65,416.6,418.4,414.01,0.25%
2016-04-10,416.6,416.9,418.41,414.44,-0.07%
2016-04-09,416.9,414.5,417.2,412,0.58%
2016-04-08,414.5,417.39,419,413.78,-0.69%
2016-04-07,417.39,418,418.92,415.01,-0.14%
2016-04-06,418,419.12,420,415.99,-0.27%
2016-04-05,419.12,417.3,421,415.5,0.57%
2016-04-04,416.73,415.55,417.5,412,0.28%
2016-04-03,415.55,415.87,417.5,414.04,-0.08%
2016-04-02,415.87,414.3,418,413.05,0.43%
2016-04-01,414.08,413,415,410,0.26%
2016-03-31,413,412.44,416.5,410,0.14%
2016-03-30,412.44,415,415.4,409.13,-0.62%
2016-03-29,415,419.99,422.86,408.48,-1.19%
2016-03-28,419.99,420.29,423.45,417.35,-0.11%
2016-03-27,420.45,416.09,426.34,412.7,1.05%
2016-03-26,416.09,414.21,416.91,412.01,0.45%
2016-03-25,414.21,414.2,416.9,412.51,0.00%
2016-03-24,414.2,415.97,417.77,412.37,-0.42%
2016-03-23,415.97,415.41,420,412.35,0.14%
2016-03-22,415.41,410.99,416.88,410,1.07%
2016-03-21,410.99,411.82,413.24,409.54,-0.20%
2016-03-20,411.82,409.51,414.3,408.05,0.56%
2016-03-19,409.51,409.51,412.56,405.1,0.00%
2016-03-18,409.51,417.44,417.88,404.27,-1.90%
2016-03-17,417.44,415.9,418,414.35,0.37%
2016-03-16,415.9,415.09,416.94,412.79,0.20%
2016-03-15,415.05,414.5,416.41,411.32,0.13%
2016-03-14,414.5,414.89,416.6,409.84,-0.10%
2016-03-13,414.89,412,415,411.36,0.70%
2016-03-12,412,417.29,417.5,408.74,-1.27%
2016-03-11,417.29,416,422,415.2,0.32%
2016-03-10,415.97,413,416.49,409.3,0.72%
2016-03-09,413,410.95,417.57,408.97,0.50%
2016-03-08,410.95,414.11,416,407.56,-0.34%
2016-03-07,412.34,407.96,418.29,405,1.07%
2016-03-06,407.96,401.94,415,398.54,1.50%
2016-03-05,401.94,410.19,413.01,394,-2.00%
2016-03-04,410.16,419.82,425.81,408,-2.30%
2016-03-03,419.82,424.09,427.28,418.54,-1.08%
2016-03-02,424.38,435.18,436.49,423.67,-2.48%
2016-03-01,435.18,433.92,440,430,0.29%
2016-02-29,433.92,429.75,437.78,429,0.74%
2016-02-28,430.71,429.15,434.87,422.8,0.34%
2016-02-27,429.26,431.87,434.28,428.4,-0.61%
2016-02-26,431.9,422.1,432,419.22,2.32%
2016-02-25,422.1,421,427.2,418.59,0.26%
2016-02-24,421,420.89,425.1,413.4,0.03%
2016-02-23,420.89,436.3,438,413.6,-3.53%
2016-02-22,436.3,434,438.85,428.31,0.53%
2016-02-21,434,432.58,445,426.5,0.33%
2016-02-20,432.58,418.77,439.98,417.88,3.24%
2016-02-19,419,419.54,421.35,414.8,-0.10%
2016-02-18,419.41,415.64,425,413.47,0.91%
2016-02-17,415.64,406.23,421.5,405,2.32%
2016-02-16,406.23,400.5,409.73,399,1.43%
2016-02-15,400.5,407.49,410,397,-1.72%
2016-02-14,407.49,393.63,407.5,393.53,3.56%
2016-02-13,393.47,387.56,394,387.55,1.53%
2016-02-12,387.56,384.01,391.24,382.33,0.92%
2016-02-11,384.01,383.5,387,380.11,0.16%
2016-02-10,383.39,378.84,389.45,377,1.20%
2016-02-09,378.84,374.76,380,374.41,1.09%
2016-02-08,374.76,378.13,382,374.1,-0.62%
2016-02-07,377.1,382.5,383.82,375.2,-1.41%
2016-02-06,382.5,388.42,388.49,378,-1.53%
2016-02-05,388.42,390.62,392.5,385.87,-0.56%
2016-02-04,390.62,369.09,392,368,5.83%
2016-02-03,369.09,378.47,379.89,365.94,-2.48%
2016-02-02,378.47,377.77,381.5,375,0.18%
2016-02-01,377.8,372.27,381,371.54,1.48%
2016-01-31,372.27,380.77,383,369.96,-2.23%
2016-01-30,380.77,382.72,384,377,-0.51%
2016-01-29,382.72,382,385.9,366.5,0.19%
2016-01-28,382,396.15,396.65,380.72,-3.57%
2016-01-27,396.15,394.08,398.61,392.35,0.53%
2016-01-26,394.08,395.5,399,391.6,-0.37%
2016-01-25,395.54,401.53,405,390.5,-1.49%
2016-01-24,401.53,390.14,403,389.18,2.92%
2016-01-23,390.14,386.85,396.97,384.8,0.67%
2016-01-22,387.54,410.9,411.86,380,-5.68%
2016-01-21,410.9,419.89,423.33,402.95,-2.14%
2016-01-20,419.89,380.01,425.51,375.38,10.50%
2016-01-19,380.01,385.19,388,379,-1.34%
2016-01-18,385.19,381.31,388,374.78,1.05%
2016-01-17,381.2,385.63,390.14,377.15,-0.99%
2016-01-16,385,360,390,350,6.94%
2016-01-15,360,430,430,360,-16.28%
2016-01-14,430,430.97,434.08,427.52,-0.24%
2016-01-13,431.02,435.97,438.62,426.5,-1.01%
2016-01-12,435.4,446.54,447.5,435.4,-2.49%
2016-01-11,446.54,446,448,441.82,0.12%
2016-01-10,446,444.65,446,437.01,0.30%
2016-01-09,444.65,450.68,451.5,441,-1.29%
2016-01-08,450.46,453.45,455,443.1,-0.66%
2016-01-07,453.45,429.3,453.82,428.83,5.74%
2016-01-06,428.85,430,430.78,425.98,-0.27%
2016-01-05,430,431.99,435,429.5,-0.46%
2016-01-04,431.99,427.31,433,425.1,1.10%
2016-01-03,427.29,430.06,431.03,423.12,-0.64%
2016-01-02,430.06,429.5,432.1,428.18,0.13%
2016-01-01,429.5,427.96,430.5,424.7,0.36%
2015-12-31,427.96,424.99,430,417.66,0.49%
2015-12-30,425.89,433.85,434.5,422.51,-1.86%
2015-12-29,433.95,420,434.49,420,3.32%
2015-12-28,420,422.41,428.6,416.45,-0.57%
2015-12-27,422.41,415.69,426.99,406.14,1.62%
2015-12-26,415.69,450.99,451.5,401.16,-7.83%
2015-12-25,450.99,450.82,453.5,445.51,0.04%
2015-12-24,450.82,440.65,456.34,440.4,2.37%
2015-12-23,440.39,435.54,443.86,434.98,1.11%
2015-12-22,435.54,436.5,443,433.24,-0.25%
2015-12-21,436.65,440.05,440.8,425.33,-0.78%
2015-12-20,440.1,455.55,457.93,430,-3.39%
2015-12-19,455.55,456.54,460.49,450,-0.22%
2015-12-18,456.54,449.26,458.79,446.89,1.62%
2015-12-17,449.26,446.34,451.16,440,0.65%
2015-12-16,446.34,458.8,459.4,435.78,-2.74%
2015-12-15,458.92,440.82,459.17,440,4.11%
2015-12-14,440.82,427.36,443.65,424,3.15%
2015-12-13,427.36,428.52,435,416.25,-0.27%
2015-12-12,428.52,441.44,452.7,403.22,-2.93%
2015-12-11,441.47,412.8,445,412,6.95%
2015-12-10,412.8,411.31,417.27,406,0.22%
2015-12-09,411.9,413.56,422,400,-0.61%
2015-12-08,414.41,387.46,414.94,383.76,6.81%
2015-12-07,388,381.77,390.7,379.2,1.57%
2015-12-06,382,382.88,392.48,379.99,-0.23%
2015-12-05,382.88,357.73,384.99,357.72,7.03%
2015-12-04,357.73,357.76,359.99,352.64,-0.01%
2015-12-03,357.76,355.25,365,351.76,0.71%
2015-12-02,355.25,360,361.2,345.28,-1.32%
2015-12-01,360,373.81,376,353,-3.70%
2015-11-30,373.81,368.7,379.8,365.08,1.40%
2015-11-29,368.67,353.25,370.56,353,4.36%
2015-11-28,353.25,351.96,354.45,345,0.37%
2015-11-27,351.96,342.36,358.89,339.46,2.80%
2015-11-26,342.36,327,367.51,326.74,4.70%
2015-11-25,327,317.95,328.74,315,2.85%
2015-11-24,317.95,319.69,320.34,314.9,-0.55%
2015-11-23,319.69,321.01,322,318.44,-0.41%
2015-11-22,321,323.99,324,315.94,-0.83%
2015-11-21,323.7,319.2,327,317.5,1.41%
2015-11-20,319.2,323.24,324,309,-1.25%
2015-11-19,323.24,331.4,332.54,320.43,-2.46%
2015-11-18,331.4,330.73,333.3,326.05,0.06%
2015-11-17,331.21,326.29,334,325.5,1.50%
2015-11-16,326.31,315.64,327.82,310.64,3.38%
2015-11-15,315.64,330.13,330.5,311.68,-4.55%
2015-11-14,330.7,333.41,335.57,324.4,-0.81%
2015-11-13,333.41,334.08,338,324.14,-0.22%
2015-11-12,334.15,310.77,339.69,309.96,8.17%
2015-11-11,308.91,337.68,344.13,297,-8.55%
2015-11-10,337.78,372.33,375,328,-9.28%
2015-11-09,372.33,365.31,375.9,354.1,1.92%
2015-11-08,365.31,373,379.5,358.7,-1.67%
2015-11-07,371.5,363.44,380,361.77,2.22%
2015-11-06,363.44,381.09,387.18,337.23,-4.84%
2015-11-05,381.94,404.8,440,363.45,-5.65%
2015-11-04,404.8,375,459.2,373.27,8.16%
2015-11-03,374.25,334.77,398.02,327,11.79%
2015-11-02,334.77,305.74,338.88,304.4,9.49%
2015-11-01,305.74,303.47,310.01,297.12,0.75%
2015-10-31,303.47,313.21,318,300.01,-3.11%
2015-10-30,313.21,302.8,321.92,301.48,3.12%
2015-10-29,303.74,298,311.85,295,2.02%
2015-10-28,297.73,289.89,300,288.32,2.70%
2015-10-27,289.89,281.99,293,281.1,2.85%
2015-10-26,281.85,276.23,281.99,274.42,1.93%
2015-10-25,276.52,277,288.96,274.1,-0.19%
2015-10-24,277.05,270.61,277.9,270.01,2.38%
2015-10-23,270.61,269,272.9,267.05,0.60%
2015-10-22,269,263.38,272.49,263,2.13%
2015-10-21,263.38,266.47,269.03,260.2,-1.16%
2015-10-20,266.47,261.31,269.74,260.94,1.97%
2015-10-19,261.31,258.96,262.2,256.9,0.91%
2015-10-18,258.96,265.16,268.33,256.98,-2.36%
2015-10-17,265.22,259.45,273,259.23,1.98%
2015-10-16,260.07,253.57,264.57,252.29,2.61%
2015-10-15,253.46,250.25,256,249.4,1.28%
2015-10-14,250.26,245.72,252.87,245.5,1.85%
2015-10-13,245.72,242.27,248.04,240,1.43%
2015-10-12,242.26,244.44,245,241.26,-0.89%
2015-10-11,244.44,242.91,245.04,241.5,0.20%
2015-10-10,243.95,242.5,244,240.55,0.60%
2015-10-09,242.5,241,242.9,239,0.62%
2015-10-08,241,240.7,243.66,240,0.12%
2015-10-07,240.72,244.02,244.93,239.5,-1.35%
2015-10-06,244.02,238.39,245.18,237.1,2.36%
2015-10-05,238.39,236.41,238.73,234.9,0.93%
2015-10-04,236.2,236.72,237.2,235,-0.22%
2015-10-03,236.72,234.4,237.4,233.5,1.02%
2015-10-02,234.32,235.65,237.2,233.35,-0.56%
2015-10-01,235.65,234.37,237,232.22,0.55%
2015-09-30,234.37,235.35,237,233,-0.42%
2015-09-29,235.35,236.42,237.9,234.02,-0.45%
2015-09-28,236.42,231.61,237.19,230.99,2.08%
2015-09-27,231.61,233.31,234.56,230.83,-0.73%
2015-09-26,233.31,231.97,234.19,230.14,0.58%
2015-09-25,231.97,232.38,236.01,230.28,-0.17%
2015-09-24,232.38,228.6,234.4,228.6,1.65%
2015-09-23,228.6,228.43,230.61,224.92,0.08%
2015-09-22,228.43,224.76,230.5,224,1.63%
2015-09-21,224.76,229.59,230,224.05,-2.10%
2015-09-20,229.59,229.57,231.37,228.42,0.01%
2015-09-19,229.57,229.9,230.47,227.23,-0.14%
2015-09-18,229.9,231.32,234.71,228.15,-0.61%
2015-09-17,231.32,227.42,234.59,226.55,1.71%
2015-09-16,227.42,226.99,229.5,224.17,0.19%
2015-09-15,226.99,228,230,226,-0.44%
2015-09-14,228,228.74,230,226.11,-0.33%
2015-09-13,228.74,231.42,233.99,226.03,-1.07%
2015-09-12,231.23,238.08,239.01,229.74,-2.82%
2015-09-11,237.93,237.08,238.97,235.51,0.36%
2015-09-10,237.08,236,239.16,230.35,0.46%
2015-09-09,236,241.97,243.5,233.01,-2.47%
2015-09-08,241.97,237.65,246,237.1,1.82%
2015-09-07,237.65,235,243,234,1.13%
2015-09-06,235,230.58,238.59,229.38,1.88%
2015-09-05,230.67,226.39,231.99,224.5,1.89%
2015-09-04,226.39,224.91,227,222.25,0.66%
2015-09-03,224.92,225.42,226,222.5,-0.22%
2015-09-02,225.42,223.78,227.17,220.74,0.73%
2015-09-01,223.78,228,229.48,221.99,-1.85%
2015-08-31,228,224.99,229,222.23,1.34%
2015-08-30,224.99,226.5,228.18,222.42,-0.67%
2015-08-29,226.5,227.5,229.88,224,-0.44%
2015-08-28,227.5,220.16,231,216.12,3.34%
2015-08-27,220.14,222.85,225.25,217,-1.25%
2015-08-26,222.92,218.41,227.89,217.9,1.97%
2015-08-25,218.6,201.91,223.41,192.74,8.17%
2015-08-24,202.1,222.48,224,201.1,-9.16%
2015-08-23,222.48,225.5,227.5,219.86,-1.34%
2015-08-22,225.51,227.46,230,217.62,-0.86%
2015-08-21,227.46,230.78,233.35,225,-1.11%
2015-08-20,230.01,218.17,234.74,218.16,5.44%
2015-08-19,218.15,227.45,234.1,211.08,-4.10%
2015-08-18,227.49,254.84,255.76,220.51,-10.73%
2015-08-17,254.84,256.49,258,252,-0.64%
2015-08-16,256.49,256.21,258.99,250.38,0.11%
2015-08-15,256.21,261.07,263.93,255.1,-1.86%
2015-08-14,261.07,259.06,265,258,0.72%
2015-08-13,259.2,259.6,262.6,257.5,-0.15%
2015-08-12,259.6,268.9,269.63,259.5,-3.45%
2015-08-11,268.87,258.3,268.9,257.23,4.09%
2015-08-10,258.3,259.6,263.62,256.65,-0.50%
2015-08-09,259.6,252.83,264.69,252.29,2.50%
2015-08-08,253.26,274,274.6,252,-7.50%
2015-08-07,273.79,275.48,275.88,270,-0.61%
2015-08-06,275.48,278,279,273.01,-0.91%
2015-08-05,278,280.57,281.88,276.5,-0.92%
2015-08-04,280.57,278.17,282.23,276.79,0.90%
2015-08-03,278.08,279.48,282.71,277,-0.50%
2015-08-02,279.48,277.94,279.9,275.1,0.55%
2015-08-01,277.96,280.66,280.83,275.6,-0.96%
2015-07-31,280.66,283.54,284.2,276.9,-1.02%
2015-07-30,283.54,283.11,286,281.4,0.02%
2015-07-29,283.48,287.74,288.83,282.01,-1.48%
2015-07-28,287.74,285.77,290,284.61,0.69%
2015-07-27,285.77,285.75,288.6,280.51,0.01%
2015-07-26,285.75,283.5,289,282.5,0.79%
2015-07-25,283.5,284.32,287.23,280.3,-0.53%
2015-07-24,285,272.16,288.8,271,4.72%
2015-07-23,272.15,272.5,274,270,0.01%
2015-07-22,272.14,270.5,275,268.86,0.77%
2015-07-21,270.05,274,278.78,268.93,-1.44%
2015-07-20,274,266.86,275,265.5,2.68%
2015-07-19,266.86,267.58,270.5,263.29,-0.27%
2015-07-18,267.58,274.19,280,246.47,-2.41%
2015-07-17,274.18,276.62,280,269,-0.88%
2015-07-16,276.62,279,286.97,271,-0.85%
2015-07-15,279,283.2,289.44,277.04,-1.48%
2015-07-14,283.2,285.8,292.96,282.1,-0.91%
2015-07-13,285.8,307.18,307.18,270,-6.95%
2015-07-12,307.15,288,310.23,287.05,6.65%
2015-07-11,288,281.5,296.01,278.89,2.31%
2015-07-10,281.5,264.35,298.23,263.2,6.41%
2015-07-09,264.54,268.18,270.9,264.54,0.02%
2015-07-08,264.49,262.5,271,261.64,0.76%
2015-07-07,262.5,266.14,267.13,260.02,-1.37%
2015-07-06,266.14,267,272.57,263.07,-0.22%
2015-07-05,266.73,259.99,270,255,2.59%
2015-07-04,259.99,253.91,260.29,251,2.40%
2015-07-03,253.91,254,255.99,252.5,-0.04%
2015-07-02,254,256.2,259.95,253.54,-0.86%
2015-07-01,256.2,261.74,264,254.85,-2.10%
2015-06-30,261.68,255.9,269.4,255.22,1.79%
2015-06-29,257.09,246.76,257.25,246.74,4.15%
2015-06-28,246.86,249.47,250,245.33,-0.99%
2015-06-27,249.33,242.78,250,242.65,2.70%
2015-06-26,242.78,244.46,244.58,241,-0.69%
2015-06-25,244.46,240.73,245.3,240.2,1.55%
2015-06-24,240.73,244.04,246.07,240.1,-1.36%
2015-06-23,244.04,247.26,247.99,242.51,-1.50%
2015-06-22,247.75,244.3,249.4,243.3,1.41%
2015-06-21,244.3,245.14,246.95,240.57,-0.34%
2015-06-20,245.14,243.82,249.09,240,0.54%
2015-06-19,243.82,248.07,250,242,-1.72%
2015-06-18,248.07,248.43,251.59,244.01,-0.14%
2015-06-17,248.43,250.12,256.57,244.91,-0.63%
2015-06-16,250,237,253.37,236.11,5.49%
2015-06-15,237,234.42,239.48,234.3,1.10%
2015-06-14,234.42,233.61,235.94,233,0.35%
2015-06-13,233.61,231.2,234,230.22,1.04%
2015-06-12,231.2,230.79,233.05,230.3,0.18%
2015-06-11,230.79,230.44,231.8,229.79,0.15%
2015-06-10,230.44,229.95,232.1,229.2,0.24%
2015-06-09,229.88,228.69,232.53,227.59,0.52%
2015-06-08,228.69,225.24,230.68,224.66,1.53%
2015-06-07,225.24,227.76,228.4,224.89,-1.11%
2015-06-06,227.76,227.02,228.4,225.7,0.47%
2015-06-05,226.69,225.92,228,224.12,0.48%
2015-06-04,225.62,227.5,228.6,224.48,-0.83%
2015-06-03,227.5,226.64,229.36,226,0.36%
2015-06-02,226.68,223.73,229.67,223.71,1.32%
2015-06-01,223.73,231.04,232.84,222.1,-3.16%
2015-05-31,231.04,235.09,235.79,230,-1.72%
2015-05-30,235.09,237.98,238,232.87,-1.21%
2015-05-29,237.98,239.01,240,236.97,-0.43%
2015-05-28,239.01,239,239.99,237.66,0.00%
2015-05-27,239,238.11,240.1,237.53,0.37%
2015-05-26,238.11,238.3,240.34,236.21,-0.08%
2015-05-25,238.3,242.03,243.22,236.82,-1.54%
2015-05-24,242.03,239.84,244,240,0.91%
2015-05-23,239.84,240.6,242.9,239.11,-0.32%
2015-05-22,240.6,235.59,243.32,235,2.13%
2015-05-21,235.59,234.43,237.3,233.29,0.49%
2015-05-20,234.43,232.86,235.98,231.5,0.68%
2015-05-19,232.86,233.63,234.5,231.9,-0.33%
2015-05-18,233.63,236.27,237.74,231.59,-1.11%
2015-05-17,236.26,236.41,238.1,235.04,-0.06%
2015-05-16,236.41,237.46,238.35,235.45,-0.44%
2015-05-15,237.46,236.52,239.17,235,0.40%
2015-05-14,236.52,237.02,239,233.35,-0.25%
2015-05-13,237.11,240.33,243.7,235.13,-1.34%
2015-05-12,240.33,242.03,243.75,238.79,-0.70%
2015-05-11,242.03,240.39,243.84,239.7,0.68%
2015-05-10,240.39,241.46,245,238.75,-0.44%
2015-05-09,241.46,242.79,247.79,238.98,-0.55%
2015-05-08,242.79,236.95,245,236,2.47%
2015-05-07,236.95,232.9,239.9,230.5,1.74%
2015-05-06,232.9,238,239,230.1,-2.14%
2015-05-05,238,238.49,239,232.72,-0.21%
2015-05-04,238.49,241,243.42,237.29,-1.04%
2015-05-03,241,235.59,243.9,235.66,2.30%
2015-05-02,235.59,232.78,236.76,232.6,1.21%
2015-05-01,232.78,237.72,240.9,232.6,-2.08%
2015-04-30,237.72,227.6,243.65,226.25,4.45%
2015-04-29,227.6,228.64,230,225.04,-0.46%
2015-04-28,228.64,231.7,234.15,224.05,-1.15%
2015-04-27,231.3,217,242.5,215.37,6.59%
2015-04-26,217,224.21,220.65,210.86,-3.22%
2015-04-25,224.21,228.81,230.04,224,-2.01%
2015-04-24,228.81,233,233.89,227,-1.80%
2015-04-23,233,232.49,234.17,230.12,0.22%
2015-04-22,232.49,231.8,236.74,230.02,0.30%
2015-04-21,231.8,223.02,232.99,220,3.95%
2015-04-20,223,220.5,224.84,219.52,1.16%
2015-04-19,220.45,220.64,225,219.5,-0.08%
2015-04-18,220.64,221.95,222.98,218.06,-0.59%
2015-04-17,221.95,227,227.27,219.43,-2.22%
2015-04-16,227,222.35,228.31,222.35,2.09%
2015-04-15,222.35,217,223.48,216.07,2.46%
2015-04-14,217,220.34,222.86,214.01,-1.51%
2015-04-13,220.34,232.97,234.41,219.52,-5.42%
2015-04-12,232.97,234.07,235,227.05,-0.47%
2015-04-11,234.07,232.5,235.49,228.62,0.68%
2015-04-10,232.5,241.67,242.2,228.9,-3.80%
2015-04-09,241.67,243.13,244.43,236,-0.60%
2015-04-08,243.13,249.1,250.5,241,-2.39%
2015-04-07,249.08,250,251.55,243.58,-0.37%
2015-04-06,250,256.26,258.84,248.39,-2.44%
2015-04-05,256.26,250.13,257.48,247,2.45%
2015-04-04,250.13,250.75,252,246.61,-0.25%
2015-04-03,250.75,249,253,248.01,0.70%
2015-04-02,249,243.18,253.28,239,2.39%
2015-04-01,243.19,241.06,244.97,237.47,0.88%
2015-03-31,241.06,245.07,247.98,238.18,-1.72%
2015-03-30,245.28,240.01,246.14,243.5,2.20%
2015-03-29,240.01,249.75,246.84,236.1,-3.90%
2015-03-28,249.75,244.93,252.4,244.25,1.97%
2015-03-27,244.93,245,248.21,242.94,-0.03%
2015-03-26,245,246.77,252.92,241,-0.72%
2015-03-25,246.77,245.63,249.79,235.45,0.54%
2015-03-24,245.44,263.36,265.27,243.5,-6.80%
2015-03-23,263.36,266.36,269.7,257.36,-1.13%
2015-03-22,266.36,257.69,269,257.89,3.37%
2015-03-21,257.69,257,264.23,251.99,0.27%
2015-03-20,257,256.4,260.99,254,0.23%
2015-03-19,256.4,251.5,260,243,1.95%
2015-03-18,251.5,281,282.58,244,-10.86%
2015-03-17,282.14,287.53,289.32,279.77,-1.60%
2015-03-16,286.72,281.9,291,286,1.71%
2015-03-15,281.9,276.92,282.2,274.4,1.80%
2015-03-14,276.92,282.68,283.46,274.01,-2.04%
2015-03-13,282.68,291,291.71,282.67,-2.86%
2015-03-12,291,294.49,293.5,290,-1.19%
2015-03-11,294.49,287.6,295,285.01,2.39%
2015-03-10,287.6,286,298.84,285,0.56%
2015-03-09,286,272.1,293.46,276.11,5.11%
2015-03-08,272.1,273.88,276.35,270,-0.65%
2015-03-07,273.88,269.88,275.02,267.1,1.48%
2015-03-06,269.88,272.25,276,266.01,-0.87%
2015-03-05,272.25,268.65,276,260,1.56%
2015-03-04,268.06,277.26,280.45,262,-3.32%
2015-03-03,277.26,269.6,283,262.08,3.24%
2015-03-02,268.55,251.73,269.98,247.93,6.44%
2015-03-01,252.3,248,255.65,238,1.73%
2015-02-28,248,246.3,249.68,243.68,0.47%
2015-02-27,246.85,231,253,230.54,6.86%
2015-02-26,231,231.09,232.18,228,-0.04%
2015-02-25,231.09,232.1,233,228.78,-0.44%
2015-02-24,232.1,232.87,233.99,227.78,-0.33%
2015-02-23,232.87,230.23,234,225,1.15%
2015-02-22,230.23,237.2,239,225.22,-2.94%
2015-02-21,237.2,237.89,239.02,235.75,-0.29%
2015-02-20,237.89,235.3,241.49,231.57,1.09%
2015-02-19,235.32,233.21,239,231.41,0.90%
2015-02-18,233.21,239.99,241.97,228.51,-2.43%
2015-02-17,239.02,230.31,243.79,229.87,3.46%
2015-02-16,231.02,231.54,237.81,225,-0.22%
2015-02-15,231.54,256.64,265.01,222.13,-9.78%
2015-02-14,256.64,232.65,258.84,231.43,10.31%
2015-02-13,232.65,218.3,235.95,216.61,6.57%
2015-02-12,218.3,216.8,219,214.39,0.69%
2015-02-11,216.8,218,221,215,-0.55%
2015-02-10,218,219,221,213,-0.46%
2015-02-09,219,221.58,222.5,213.2,-1.17%
2015-02-08,221.58,223.96,226.88,218,-1.06%
2015-02-07,223.96,218.8,226,217.72,2.36%
2015-02-06,218.8,215.73,223,213.16,1.42%
2015-02-05,215.73,224.62,225,212,-3.96%
2015-02-04,224.62,223.52,227.86,217.8,0.83%
2015-02-03,222.78,233.34,240.96,220.69,-4.53%
2015-02-02,233.34,221.96,238.76,218.01,5.13%
2015-02-01,221.96,214.6,226.8,208,3.72%
2015-01-31,213.99,218.97,227.28,213,-2.27%
2015-01-30,218.97,226.28,235,216.26,-3.23%
2015-01-29,226.28,222.29,234,214.32,1.39%
2015-01-28,223.17,252.59,255.37,212.75,-11.65%
2015-01-27,252.59,262.62,266.13,241.91,-4.20%
2015-01-26,263.65,250,304,249.45,9.48%
2015-01-24,240.82,228.6,247.23,225.6,5.34%
2015-01-23,228.6,229.5,230.99,221.01,-0.17%
2015-01-22,229,223.23,234.5,222.61,2.43%
2015-01-21,223.57,208.53,225.1,207.9,7.21%
2015-01-20,208.53,210.86,211.5,203.33,-1.12%
2015-01-19,210.88,206.32,215.79,205,2.21%
2015-01-18,206.32,197.36,217.7,192,4.37%
2015-01-17,197.68,204.98,212,193.93,-3.56%
2015-01-16,204.98,207.32,219.98,196.01,-1.16%
2015-01-15,207.38,170,226.01,168,21.99%
2015-01-14,170,220.68,221.15,162.68,-22.97%
2015-01-13,220.68,264.29,265,213.41,-16.50%
2015-01-12,264.29,262.5,270,258.8,0.58%
2015-01-11,262.77,272.54,278.27,260.12,-3.59%
2015-01-10,272.54,285.98,287.18,267.84,-4.70%
2015-01-09,285.98,282.1,291.5,277.11,1.18%
2015-01-08,282.66,293.55,294,282.06,-3.71%
2015-01-07,293.55,284.1,301.99,281.16,3.33%
2015-01-06,284.1,271.86,286.14,270.06,4.50%
2015-01-05,271.86,266,279.57,264.77,2.20%
2015-01-04,266,277.03,290,260,-3.84%
2015-01-03,276.61,312.87,313.29,276.61,-11.59%
2015-01-02,312.87,312.44,315.4,311,0.14%
2015-01-01,312.44,317,318.11,310.97,-1.37%
2014-12-31,316.77,308.64,317,307.51,2.68%
2014-12-30,308.5,311.34,313.99,307.36,-0.91%
2014-12-29,311.34,313.77,317,310,-0.78%
2014-12-28,313.77,313,316.9,307,0.25%
2014-12-27,313,324.96,326.5,308,-3.68%
2014-12-26,324.96,316.52,329,314.7,2.67%
2014-12-25,316.52,319.01,321,315.38,-0.78%
2014-12-24,319.01,330,331,317.01,-3.33%
2014-12-23,330,328.7,334.55,326,0.40%
2014-12-22,328.7,317,332.03,316.63,3.69%
2014-12-21,317,328,328.97,314,-3.35%
2014-12-20,328,314.99,330,311,4.13%
2014-12-19,314.99,311.31,317.5,304.8,1.18%
2014-12-18,311.31,319,322.76,304.05,-2.41%
2014-12-17,319,320.41,329,312.82,-0.44%
2014-12-16,320.41,338.45,339.8,320,-5.33%
2014-12-15,338.45,343.06,345,335.07,-1.34%
2014-12-14,343.06,342.57,346.94,336.56,0.14%
2014-12-13,342.57,346,346,339.07,-0.99%
2014-12-12,346,341.49,349.65,340.05,1.32%
2014-12-11,341.49,340,356.99,332.51,0.44%
2014-12-10,340,345.91,348,340,-1.71%
2014-12-09,345.92,356.99,358,337.15,-3.10%
2014-12-08,356.99,367.57,369,355.34,-2.88%
2014-12-07,367.57,369.13,371.01,367.01,-0.42%
2014-12-06,369.13,369.99,372,363,-0.23%
2014-12-05,369.99,364,373,360.36,1.65%
2014-12-04,364,370.12,374,362.01,-1.65%
2014-12-03,370.12,377.5,379.5,367.9,-1.95%
2014-12-02,377.5,376.68,382,372.54,0.25%
2014-12-01,376.55,374.39,382.5,373.01,0.58%
2014-11-30,374.39,373.99,378,370,0.11%
2014-11-29,373.99,373,386,369.5,0.26%
2014-11-28,373,366.02,380.92,354,1.91%
2014-11-27,366.02,364.39,370,362,0.49%
2014-11-26,364.23,371.2,375,361.05,-1.88%
2014-11-25,371.2,373.5,389,368.11,-0.62%
2014-11-24,373.5,364.98,386.32,362.7,2.33%
2014-11-23,364.98,350,368.86,348.2,4.28%
2014-11-22,350,345.36,362.49,345.36,1.34%
2014-11-21,345.36,355.37,358.57,339.62,-2.82%
2014-11-20,355.37,376.6,378,352,-5.64%
2014-11-19,376.6,369.99,385.79,368.52,1.79%
2014-11-18,369.99,382.03,388.69,367.43,-3.15%
2014-11-17,382.03,384.14,406,373.4,-0.55%
2014-11-16,384.14,373.57,388.88,369,2.83%
2014-11-15,373.57,396.35,404.37,365.19,-5.75%
2014-11-14,396.35,412.99,414.35,378,-4.07%
2014-11-13,413.15,422.1,454.6,385.13,-1.87%
2014-11-12,421,364,428,363.45,15.66%
2014-11-11,364,363.66,372.36,358.27,0.27%
2014-11-10,363.02,362.37,374.86,356.1,0.25%
2014-11-09,362.1,341.37,363.97,340.12,6.07%
2014-11-08,341.37,338.72,344.59,337.31,0.78%
2014-11-07,338.72,344,350,337.82,-1.53%
2014-11-06,344,334.89,348.49,332.68,2.72%
2014-11-05,334.89,325.5,339,324.7,2.88%
2014-11-04,325.5,322,329.01,318.07,1.09%
2014-11-03,322,323.77,335.47,320.5,-0.47%
2014-11-02,323.51,323.18,330,319.1,0.12%
2014-11-01,323.14,335.07,337.7,319.01,-3.56%
2014-10-31,335.07,342.7,345.2,332,-2.22%
2014-10-30,342.7,331.08,351.25,328.5,3.51%
2014-10-29,331.08,349.99,351,328.71,-5.37%
2014-10-28,349.87,347.87,356.5,346.7,0.57%
2014-10-27,347.87,350.29,355,342.8,-0.68%
2014-10-26,350.24,346.82,359,343.81,0.83%
2014-10-25,347.37,352.28,355,337.99,-1.34%
2014-10-24,352.1,354.17,360,349.11,-0.58%
2014-10-23,354.17,377.07,378.98,351,-6.08%
2014-10-22,377.07,381,383,374.89,-1.03%
2014-10-21,381,377.07,385.6,373.5,1.04%
2014-10-20,377.07,382.33,385,372.15,-2.06%
2014-10-19,384.98,385.94,388.33,379.3,-0.25%
2014-10-18,385.94,378.4,389,374,1.99%
2014-10-17,378.4,376.08,381.2,367.88,0.62%
2014-10-16,376.08,387.04,391.5,362,-2.83%
2014-10-15,387.04,397.39,397.89,380.3,-2.61%
2014-10-14,397.39,385,408.2,383.5,3.22%
2014-10-13,385,375.01,392.61,362.11,2.67%
2014-10-12,375.01,355.02,378.11,348.3,5.63%
2014-10-11,355.02,353.58,363.91,345.3,0.41%
2014-10-10,353.58,360.97,370.78,346.34,-2.05%
2014-10-09,360.97,352,380.95,343,2.55%
2014-10-08,352,331,353.89,323.53,6.67%
2014-10-07,330,325,337.93,313.11,1.54%
2014-10-06,325,315.89,343.34,299.44,2.89%
2014-10-05,315.89,316.63,335.05,285.1,-0.27%
2014-10-04,316.75,342.58,352.96,308.6,-7.54%
2014-10-03,342.58,367,369.91,338.21,-6.48%
2014-10-02,366.31,374.7,378.75,363.2,-2.24%
2014-10-01,374.7,380.29,385,372,-2.16%
2014-09-30,382.97,368.82,389,364.12,3.84%
2014-09-29,368.82,370,385.42,360.74,-0.32%
2014-09-28,370,391,396,364.6,-5.37%
2014-09-27,391,394.72,398.37,386.72,-1.01%
2014-09-26,395,401.91,412,388,-2.23%
2014-09-25,404,410.55,411.61,396.02,-1.60%
2014-09-24,410.55,425.31,429.68,406.8,-3.47%
2014-09-23,425.31,386.2,445,381.92,9.91%
2014-09-22,386.96,385.12,398.78,380.03,0.48%
2014-09-21,385.12,398.46,402,373.4,-3.96%
2014-09-20,401,382.58,414,376.79,4.81%
2014-09-19,382.58,415.45,422.29,370,-7.91%
2014-09-18,415.45,444.97,448,390.32,-7.25%
2014-09-17,447.93,456.89,460,435,-1.96%
2014-09-16,456.89,465.37,467.55,452.32,-1.84%
2014-09-15,465.46,469.68,470,464.59,-0.90%
2014-09-14,469.68,472.98,473.4,466.03,-0.70%
2014-09-13,472.98,469.5,474.3,466,0.74%
2014-09-12,469.5,472.79,473,464.53,-0.70%
2014-09-11,472.79,473.47,478.93,467,-0.20%
2014-09-10,473.74,466.9,484,465.06,1.47%
2014-09-09,466.9,472,473,460,-1.08%
2014-09-08,472,477.91,479.1,460.07,-1.24%
2014-09-07,477.91,482.17,485,475.11,-0.88%
2014-09-06,482.17,477.89,483,475.31,0.90%
2014-09-05,477.89,488.97,488.97,476,-2.27%
2014-09-04,488.97,469.79,494.5,468.68,4.03%
2014-09-03,470.01,473.98,476,469.01,-0.84%
2014-09-02,473.98,472.66,482,464.95,0.28%
2014-09-01,472.66,475.9,488,469.47,-0.68%
2014-08-31,475.9,497.2,499.1,472.2,-4.28%
2014-08-30,497.2,503.5,505.55,496,-1.25%
2014-08-29,503.5,502.68,507.51,495.61,0.17%
2014-08-28,502.65,508.26,512.22,498.07,-1.10%
2014-08-27,508.26,510,518,505,-0.33%
2014-08-26,509.94,498.22,513.94,498.22,2.35%
2014-08-25,498.22,505.01,506.87,492.95,-1.35%
2014-08-24,505.01,492.98,511.68,490,2.44%
2014-08-23,492.98,510,510.63,483.02,-3.34%
2014-08-22,510,508.33,522,491.11,0.43%
2014-08-21,507.82,506.72,529.73,502,0.22%
2014-08-20,506.72,478.06,518.67,455.41,5.57%
2014-08-19,480,439,487.28,427.13,9.08%
2014-08-18,440.05,487,496.06,340,-9.64%
2014-08-17,487,514.9,516.99,480,-5.36%
2014-08-16,514.59,494.46,519,480,4.07%
2014-08-15,494.46,506.78,517.42,484.18,-2.43%
2014-08-14,506.78,538.3,539.44,491.31,-5.68%
2014-08-13,537.29,565.83,570,523,-5.04%
2014-08-12,565.83,572,574.97,560.94,-1.08%
2014-08-11,572,586.1,588,566.6,-2.41%
2014-08-10,586.1,585.16,589.7,580,0.16%
2014-08-09,585.16,587.6,589.99,580,-0.41%
2014-08-08,587.6,584.23,595,583.16,0.58%
2014-08-07,584.23,579.16,589,578,0.87%
2014-08-06,579.16,579.69,584.37,572.19,-0.09%
2014-08-05,579.69,580.04,583.88,574.76,-0.06%
2014-08-04,580.04,579.55,588.88,576,0.08%
2014-08-03,579.55,581.89,584.99,572,-0.40%
2014-08-02,581.89,590.38,591.97,576.11,-1.54%
2014-08-01,591,577.68,598.5,575,2.30%
2014-07-31,577.68,564.83,585,555.75,2.28%
2014-07-30,564.83,577.83,579.88,555,-2.25%
2014-07-29,577.83,577.63,583.4,572.16,0.03%
2014-07-28,577.63,586.49,587.94,562,-1.51%
2014-07-27,586.49,590,595,582.1,-0.60%
2014-07-26,590,596.68,596.68,583.99,-1.12%
2014-07-25,596.68,593.03,604,586.4,0.62%
2014-07-24,593.03,610.86,613.41,578.6,-2.92%
2014-07-23,610.86,613.53,616,609,-0.44%
2014-07-22,613.53,614.99,616.4,611.3,-0.24%
2014-07-21,614.99,616,616.4,611.5,-0.16%
2014-07-20,616,619.8,619.8,612,-0.61%
2014-07-19,619.8,621.97,622,616.64,-0.09%
2014-07-18,620.39,617,621.67,611,0.55%
2014-07-17,617,611.23,623,606,0.94%
2014-07-16,611.23,614.67,618,609.5,-0.56%
2014-07-15,614.67,618.51,619.23,612.46,-0.62%
2014-07-14,618.51,623,623.23,611,-0.72%
2014-07-13,623,627,627.99,619,-0.64%
2014-07-12,627,623.01,629.6,618.6,0.64%
2014-07-11,623.01,609.66,626.25,605.57,2.19%
2014-07-10,609.66,615.78,618.73,603.7,-0.99%
2014-07-09,615.78,615.78,619.43,611.79,0.00%
2014-07-08,615.78,617.11,621.48,611.12,-0.29%
2014-07-07,617.58,630.31,633,610.01,-2.02%
2014-07-06,630.31,626.6,636.96,625.9,0.37%
2014-07-05,627.99,625,629.13,621.1,0.28%
2014-07-04,626.24,636.92,639.63,622,-1.68%
2014-07-03,636.92,641.11,643.71,628,-0.65%
2014-07-02,641.11,629.33,648,625,1.93%
2014-07-01,629,640.09,654.1,623.37,-1.43%
2014-06-30,638.15,595,646.35,593.02,7.25%
2014-06-29,595,588.24,599.74,584.12,1.15%
2014-06-28,588.24,598.64,605,584,-1.67%
2014-06-27,598.22,576.82,600,573,3.71%
2014-06-26,576.82,560.64,578.18,557,2.89%
2014-06-25,560.64,571.3,575,555.01,-1.57%
2014-06-24,569.58,584.99,585.85,567.68,-2.63%
2014-06-23,584.99,593.79,595.85,577.4,-1.48%
2014-06-22,593.79,586.67,597.92,585.3,1.21%
2014-06-21,586.67,585,590.77,575.4,0.29%
2014-06-20,585,588,592.15,578.97,-0.51%
2014-06-19,588,599.49,604,585.17,-1.92%
2014-06-18,599.49,602.33,610,592.98,-0.47%
2014-06-17,602.33,585.62,605,583.02,2.85%
2014-06-16,585.62,592,603.99,582.1,-1.08%
2014-06-15,592,573.9,592,551.39,3.65%
2014-06-14,571.13,597.01,597.41,546.99,-4.33%
2014-06-13,597.01,576.6,612,575.01,3.65%
2014-06-12,576,623.29,632.32,560,-7.59%
2014-06-11,623.29,644.1,648.89,621.46,-3.23%
2014-06-10,644.1,639.24,648,633,0.76%
2014-06-09,639.24,644.54,648,631.6,-0.82%
2014-06-08,644.54,644.3,650,641.5,-0.05%
2014-06-07,644.86,639.02,646,629,0.85%
2014-06-06,639.42,646.32,649.8,635.01,-1.48%
2014-06-05,649,627.05,657,625.25,3.50%
2014-06-04,627.05,657.01,659.7,605,-4.56%
2014-06-03,657.01,647.89,668,635.5,1.41%
2014-06-02,647.89,627.44,655,601,3.08%
2014-06-01,628.53,615,667.53,608,2.20%
2014-05-31,615,608,618.37,581.79,1.15%
2014-05-30,608,556.48,614,555.07,9.11%
2014-05-29,557.22,564.21,565,543.3,-1.24%
2014-05-28,564.21,561.5,570.16,549,0.48%
2014-05-27,561.5,576,586.47,540.42,-2.52%
2014-05-26,576,564.01,590,558.47,2.13%
2014-05-25,564.01,519.51,569.99,518.97,8.56%
2014-05-24,519.51,511.99,521.6,502.53,1.47%
2014-05-23,511.99,521.21,539.79,508.84,-1.91%
2014-05-22,521.94,480,523.75,477,8.74%
2014-05-21,480,478,488,475,0.44%
2014-05-20,477.9,437.85,486,436.73,9.15%
2014-05-19,437.85,440.65,441.9,435.39,-0.36%
2014-05-18,439.43,440.95,441,438.85,-0.34%
2014-05-17,440.95,438.89,440.98,437.96,0.47%
2014-05-16,438.89,439.8,441,435,-0.21%
2014-05-15,439.8,435.7,442,434.02,0.94%
2014-05-14,435.7,433.36,439.48,432.53,0.54%
2014-05-13,433.36,433.95,438,430,-0.14%
2014-05-12,433.95,434.8,437,428,-0.20%
2014-05-11,434.81,445.12,447.4,426.7,-2.32%
2014-05-10,445.12,442,446,437.6,0.71%
2014-05-09,442,429.04,444,426.5,3.02%
2014-05-08,429.04,428.24,436,426.39,0.19%
2014-05-07,428.24,421,437,415,1.72%
2014-05-06,421,425.76,428,411.39,-1.12%
2014-05-05,425.76,428.89,431.59,421.78,-0.73%
2014-05-04,428.89,433.64,435,424.35,-1.09%
2014-05-03,433.64,436,436,420.55,-0.54%
2014-05-02,436,448.99,449,430,-2.89%
2014-05-01,448.99,437.86,453.56,437.5,2.42%
2014-04-30,438.38,438.88,443.4,428,-0.11%
2014-04-29,438.88,429.52,443,423,2.18%
2014-04-28,429.52,425.36,437.5,412.97,0.98%
2014-04-27,425.36,449,450.5,425.36,-5.02%
2014-04-26,447.82,449.96,457,435,-0.66%
2014-04-25,450.77,492.67,494,434.03,-8.50%
2014-04-24,492.67,479.9,496.1,470.37,2.66%
2014-04-23,479.9,472,481.56,471.5,1.46%
2014-04-22,473,483.65,490,472,-2.20%
2014-04-21,483.65,489.53,504,477.32,-1.20%
2014-04-20,489.53,494.94,505,475,-1.09%
2014-04-19,494.94,472.5,500,452.23,4.75%
2014-04-18,472.5,485.98,490.64,456.69,-2.98%
2014-04-17,487,527,535.36,465.89,-7.59%
2014-04-16,527,520,544.99,484.45,1.74%
2014-04-15,518,454.42,524.4,447.11,13.99%
2014-04-14,454.42,412,467.8,401.14,10.30%
2014-04-13,412,414.2,425.5,383.02,-0.93%
2014-04-12,415.87,416.52,440,407.73,-0.16%
2014-04-11,416.52,355,435,342.97,16.69%
2014-04-10,356.95,436.4,439.7,348.98,-18.26%
2014-04-09,436.69,445.72,451.1,435.22,-2.03%
2014-04-08,445.72,444,454.78,441.1,0.39%
2014-04-07,444.01,463.06,464,438.1,-4.12%
2014-04-06,463.06,467.78,471.32,449.5,-1.01%
2014-04-05,467.78,446.3,469.69,441.98,4.81%
2014-04-04,446.3,444,456.96,423.2,0.52%
2014-04-03,444,435,453.74,410,2.07%
2014-04-02,435,479.9,498.5,422.5,-9.36%
2014-04-01,479.9,462.11,499.9,456.46,3.85%
2014-03-31,462.09,467.63,487.5,446.26,-1.18%
2014-03-30,467.63,496.7,498,450.01,-5.81%
2014-03-29,496.49,503.93,507,490.04,-1.48%
2014-03-28,503.93,484.99,530,472,3.91%
2014-03-27,484.99,580.5,583.23,473,-16.31%
2014-03-26,579.5,579,588.69,571.12,0.09%
2014-03-25,579,588.71,589.27,567.01,-1.65%
2014-03-24,588.71,568,591.95,555.23,3.65%
2014-03-23,568,567.1,577,562.57,0.16%
2014-03-22,567.1,572.94,575.43,556,-1.02%
2014-03-21,572.94,589,607.9,562.1,-2.73%
2014-03-20,589,606.1,608.5,582.1,-2.82%
2014-03-19,606.1,614,624.98,605.84,-1.29%
2014-03-18,614,617,619,598,-0.56%
2014-03-17,617.43,624.89,627.81,608,-1.19%
2014-03-16,624.89,630,630,621.52,-0.66%
2014-03-15,629.02,622.09,633.69,620.01,1.11%
2014-03-14,622.09,629.75,630,620.51,-1.22%
2014-03-13,629.75,628.75,635,622.1,0.21%
2014-03-12,628.45,626,637.1,622.1,0.39%
2014-03-11,626.01,622.6,631.75,616.1,0.55%
2014-03-10,622.6,630.5,641.5,610,-0.70%
2014-03-09,627,609.97,640,604.49,2.79%
2014-03-08,609.97,619.72,628.68,595.15,-1.57%
2014-03-07,619.72,648,648.8,604.09,-4.36%
2014-03-06,648,653.15,658,634.03,-0.79%
2014-03-05,653.15,656.56,668.1,633.34,-0.52%
2014-03-04,656.56,644.02,698,639.43,1.95%
2014-03-03,644.03,554,687,550.49,16.25%
2014-03-02,554,562.3,562.3,546,-1.48%
2014-03-01,562.3,536.2,565.89,531,4.85%
2014-02-28,536.3,570,572,533.42,-5.89%
2014-02-27,569.88,568,578.5,545.68,0.33%
2014-02-26,568,534,591,531,6.17%
2014-02-25,535,496.74,541.81,430.12,-3.74%
2014-02-24,555.76,598,605,551.1,-7.06%
2014-02-23,598,597.56,629.81,585.22,0.07%
2014-02-22,597.56,557.99,610,543.37,7.57%
2014-02-21,555.5,542.68,576,514.15,2.49%
2014-02-20,542,611,616.42,533,-11.29%
2014-02-19,611,615,616.91,604.57,-0.65%
2014-02-18,615,612,634,603.01,0.25%
2014-02-17,613.44,599.6,646,593.03,2.41%
2014-02-16,599,637.13,648,552.21,-5.98%
2014-02-15,637.13,643.62,650,616,-1.01%
2014-02-14,643.62,591.39,689,503,8.83%
2014-02-13,591.39,647.85,653.9,580.1,-8.10%
2014-02-12,643.52,661,672,632,-3.18%
2014-02-11,664.67,672.01,709.99,621,-0.94%
2014-02-10,671,697.5,719.86,102,-3.80%
2014-02-09,697.5,695.99,730,671,0.22%
2014-02-08,695.99,709.97,728.9,690,-1.97%
2014-02-07,709.97,764.98,765.95,676.1,-7.18%
2014-02-06,764.86,784.59,789,760,-2.53%
2014-02-05,784.75,801,804.9,783.1,-1.97%
2014-02-04,800.53,798.9,810,792.23,0.20%
2014-02-03,798.9,796,809.8,782,-0.13%
2014-02-02,799.9,800,816,791.05,-0.01%
2014-02-01,800,797.4,817.7,792.11,0.38%
2014-01-31,797,795,802.2,785,0.25%
2014-01-30,795,790,809,757,0.62%
2014-01-29,790.09,774.59,800,771,1.96%
2014-01-28,774.9,746.5,810,732.13,3.47%
2014-01-27,748.9,817.8,830,727,-8.43%
2014-01-26,817.8,806.25,830,790,1.43%
2014-01-25,806.25,774.98,818,768.75,4.04%
2014-01-24,774.98,805.92,809.45,753.06,-4.24%
2014-01-23,809.29,821,828.89,800.08,-1.55%
2014-01-22,822,832,835,815,-1.15%
2014-01-21,831.55,830,836.99,819.94,0.31%
2014-01-20,829,838.85,841.63,810,-1.19%
2014-01-19,839,816.89,839,803.74,2.63%
2014-01-18,817.5,792.33,839,792.33,2.83%
2014-01-17,795,813.1,825,783,-2.26%
2014-01-16,813.38,837.64,846.25,813.1,-2.94%
2014-01-15,838,818.76,848.6,813,2.26%
2014-01-14,819.47,825,840.5,805.8,-0.65%
2014-01-13,824.83,835.49,841.43,788.7,-1.28%
2014-01-12,835.49,890.38,899,815,-6.16%
2014-01-11,890.38,842,894,836,5.87%
2014-01-10,841,821.51,849.06,794.25,2.35%
2014-01-09,821.7,821.17,844.9,777.78,0.06%
2014-01-08,821.17,757.11,850,720,8.46%
2014-01-07,757.11,925,944,755.32,-18.15%
2014-01-06,925,903.3,990,888,2.32%
2014-01-05,904,823.5,919.99,823.5,9.78%
2014-01-04,823.5,800,829,780.65,2.94%
2014-01-03,800,782,819,764.83,2.30%
2014-01-02,782,744.16,799.89,736.86,5.11%
2014-01-01,744,730.5,749.8,728,1.85%
2013-12-31,730.5,725.01,734.99,710,0.21%
2013-12-30,729,720,738,716.64,1.25%
2013-12-29,720.02,711.83,732.34,695,1.15%
2013-12-28,711.83,715.01,736.45,689.9,-0.45%
2013-12-27,715.01,743.3,761,681,-3.81%
2013-12-26,743.3,674.95,758,674.89,10.13%
2013-12-25,674.96,650,675,640,3.79%
2013-12-24,650.33,650.22,668.6,629,0.02%
2013-12-23,650.22,604.45,669.97,591,7.62%
2013-12-22,604.2,591.17,660,572.1,2.20%
2013-12-21,591.17,609,642.9,560.1,-2.93%
2013-12-20,609,680.8,709.9,585,-10.57%
2013-12-19,681,502.7,694.88,483.78,35.47%
2013-12-18,502.7,659.65,661.78,420,-23.85%
2013-12-17,660.1,689,748.9,610,-4.33%
2013-12-16,690,863.64,869.89,634,-20.11%
2013-12-15,863.64,846.92,870,801.1,1.97%
2013-12-14,846.92,866,874.9,837,-2.54%
2013-12-13,869,855.17,908.96,835,1.05%
2013-12-12,860,855.01,890,825,0.53%
2013-12-11,855.5,958.5,971,804.5,-10.75%
2013-12-10,958.5,875.4,967,875,9.11%
2013-12-09,878.5,785,900,765.4,12.05%
2013-12-08,784.02,700,798,665.1,12.00%
2013-12-07,700,839,874.99,551,-16.57%
2013-12-06,839,990,996.93,824,-15.29%
2013-12-05,990.4,1072.5,1077.23,846,-7.96%
2013-12-04,1076,997.5,1077.23,990.3,7.87%
2013-12-03,997.5,980.05,1021,928.1,1.79%
2013-12-02,980,878.01,989.01,830,11.60%
2013-12-01,878.17,1051.5,1054,677,-16.49%
2013-11-30,1051.55,1019.63,1095.2,1019.63,2.72%
2013-11-29,1023.71,962.03,1032,927,6.41%
2013-11-28,962.03,934,1000,850,3.00%
2013-11-27,934,882.65,950,843,4.94%
2013-11-26,890,744,894.7,737,19.62%
2013-11-25,744,698.99,750,695.2,6.44%
2013-11-24,699,725,743.56,630,-3.48%
2013-11-23,724.2,698.01,774,675,3.61%
2013-11-22,699,671,722,615.03,3.78%
2013-11-21,673.55,545.12,684,530,23.59%
2013-11-20,545,545.15,567.87,382.49,-0.03%
2013-11-19,545.15,679.45,823.28,375,-19.77%
2013-11-18,679.45,481.31,680,456,41.38%
2013-11-17,480.6,422.48,487.7,420.49,14.30%
2013-11-16,420.49,406.1,428.97,396.5,3.32%
2013-11-15,406.99,405.57,425.5,380,0.24%
2013-11-14,406.01,392.7,411,380.58,3.46%
2013-11-13,392.43,343.7,400,342.35,14.11%
2013-11-12,343.9,321.32,345.9,320.4,7.03%
2013-11-11,321.32,302,329.7,290,6.40%
2013-11-10,302,331.3,338.9,255,-8.84%
2013-11-09,331.3,313.12,349.11,301.1,5.81%
2013-11-08,313.12,281.81,315,280.02,11.11%
2013-11-07,281.81,251.98,292.5,250.32,12.27%
2013-11-06,251,237.55,253.9,237.18,5.83%
2013-11-05,237.18,223,244.88,216,5.99%
2013-11-04,223.77,208.91,225,206,7.12%
2013-11-03,208.9,199,209.85,198,5.05%
2013-11-02,198.85,198.8,201,197.8,-0.07%
2013-11-01,198.99,197.9,199.2,195.55,0.55%
2013-10-31,197.9,192.66,198.39,192.2,2.38%
2013-10-30,193.3,198,198.44,191.01,-2.37%
2013-10-29,198,188.9,198.6,188.1,4.76%
2013-10-28,189,186.98,192.43,181.2,1.07%
2013-10-27,186.99,171.37,187,170.42,9.37%
2013-10-26,170.97,178.78,179,166.4,-4.41%
2013-10-25,178.86,184.05,184.5,156,-2.79%
2013-10-24,184,198.55,204,152.5,-7.33%
2013-10-23,198.55,184.6,199.5,182.84,7.56%
2013-10-22,184.6,171.32,187,169.9,7.72%
2013-10-21,171.36,158.77,174,158.52,7.93%
2013-10-20,158.77,156.79,159,154.5,1.26%
2013-10-19,156.8,147.49,160,145.71,6.31%
2013-10-18,147.49,140.68,147.5,140.11,4.84%
2013-10-17,140.68,135.44,141,134.2,4.63%
2013-10-16,134.45,137.98,144.85,131.37,-2.56%
2013-10-15,137.98,131.5,137.99,130.8,4.87%
2013-10-14,131.57,128.66,134,127.84,2.26%
2013-10-13,128.66,124.98,128.66,124.48,3.27%
2013-10-12,124.58,123.71,124.99,123.71,0.31%
2013-10-11,124.19,123.64,125,123.16,0.45%
2013-10-10,123.64,123.36,125,123,-0.18%
2013-10-09,123.86,121.99,124,121.41,1.54%
2013-10-08,121.99,121.25,122.69,120.58,0.65%
2013-10-07,121.2,119.61,123.88,119.01,1.33%
2013-10-06,119.61,119.12,119.9,118.22,0.24%
2013-10-05,119.32,119.3,120,118.22,0.41%
2013-10-04,118.83,115.22,120.8,115.22,3.15%
2013-10-03,115.2,101.81,116.5,100,13.90%
2013-10-02,101.14,123.75,124.49,75,-18.27%
2013-10-01,123.75,123,124.69,122.72,0.61%
2013-09-30,123,123.4,123.98,121.2,-0.04%
2013-09-29,123.05,123.6,124.79,122.9,-0.44%
2013-09-28,123.6,122.8,123.7,122.06,0.70%
2013-09-27,122.74,122.22,123.5,121.59,-0.01%
2013-09-26,122.75,122.55,123.19,121.01,0.16%
2013-09-25,122.55,121.73,123.8,121,0.67%
2013-09-24,121.73,120.89,121.79,119.5,0.70%
2013-09-23,120.89,121.68,122.2,120.01,-0.67%
2013-09-22,121.7,121.37,122.19,120.5,0.49%
2013-09-21,121.1,121.12,122.5,120.8,-0.01%
2013-09-20,121.12,120.9,124,119.5,0.30%
2013-09-19,120.75,125,125,120,-3.47%
2013-09-18,125.09,124.98,126.01,124.42,0.47%
2013-09-17,124.5,124,125,123.15,0.41%
2013-09-16,124,123.6,125,122.4,0.32%
2013-09-15,123.6,123.79,124.03,121,0.37%
2013-09-14,123.14,124.75,125,122.51,-1.29%
2013-09-13,124.75,123.39,125,122,1.10%
2013-09-12,123.39,123.95,124.9,122.56,-0.49%
2013-09-11,124,119.46,124.9,117,3.34%
2013-09-10,120,119.92,121.91,119.31,0.06%
2013-09-09,119.92,115.76,122,114.5,3.88%
2013-09-08,115.44,117.79,118.35,114.4,-1.36%
2013-09-07,117.03,113.01,119,112.12,3.57%
2013-09-06,113,117,119.29,113,-3.42%
2013-09-05,117,116.92,119.49,111.61,0.43%
2013-09-04,116.49,125,125,112.1,-6.80%
2013-09-03,125,124.73,125.96,123.5,0.18%
2013-09-02,124.77,126.4,126.57,123.05,-1.29%
2013-09-01,126.4,122.9,126.4,119,2.85%
2013-08-31,122.9,121.23,126.56,120,1.80%
2013-08-30,120.72,115.97,121.95,115.51,4.10%
2013-08-29,115.97,115.6,116.08,114.8,0.67%
2013-08-28,115.2,115.36,116.3,114.01,-0.14%
2013-08-27,115.36,108.39,116.5,108.29,6.43%
2013-08-26,108.39,109.3,110,106.21,-0.83%
2013-08-25,109.3,106.34,110.35,106.05,2.77%
2013-08-24,106.36,105.24,107,104.1,1.05%
2013-08-23,105.25,106.98,107.3,102.14,-1.56%
2013-08-22,106.91,107.67,109,106,-0.19%
2013-08-21,107.12,103.1,109,101.13,3.90%
2013-08-20,103.1,99.1,103.1,99,4.04%
2013-08-19,99.1,96.89,100.62,96.72,2.32%
2013-08-18,96.85,97,97.29,96.5,-0.11%
2013-08-17,96.96,96.63,97.2,96,0.18%
2013-08-16,96.79,96.3,96.9,95,0.51%
2013-08-15,96.3,97.61,98.1,95.94,-1.34%
2013-08-14,97.61,94.98,98.27,94.5,2.76%
2013-08-13,94.98,94.89,95.01,93.7,0.14%
2013-08-12,94.84,93.14,94.9,92.39,1.83%
2013-08-11,93.14,92.94,95.59,92.5,0.21%
2013-08-10,92.94,93.82,94.73,92,-0.94%
2013-08-09,93.82,94.54,95.5,93.16,-0.60%
2013-08-08,94.38,97.48,97.49,92.42,-3.16%
2013-08-07,97.46,97.32,98.2,96.01,0.14%
2013-08-06,97.32,96.46,98,95.9,0.89%
2013-08-05,96.46,94.46,96.8,94.04,2.23%
2013-08-04,94.36,94.74,95.12,93.5,-0.41%
2013-08-03,94.74,96,96.27,94.03,-1.31%
2013-08-02,96,94.99,97,93.21,1.32%
2013-08-01,94.75,97,97.23,93.5,-2.32%
2013-07-31,97,95,99.9,94.01,2.11%
2013-07-30,95,91.1,95,90.76,4.17%
2013-07-29,91.2,89.5,92.59,88.6,1.90%
2013-07-28,89.5,87.9,90.9,87.5,2.17%
2013-07-27,87.6,89.4,89.59,86.4,-2.12%
2013-07-26,89.5,88.89,90,88.22,0.68%
2013-07-25,88.89,86.86,88.99,86.12,2.33%
2013-07-24,86.87,85.98,87.56,85.79,1.03%
2013-07-23,85.98,84.5,87.3,84,1.87%
2013-07-22,84.4,83.8,84.9,83,0.72%
2013-07-21,83.8,83.98,84.9,82.5,-0.18%
2013-07-20,83.95,83.76,85.29,83.5,0.18%
2013-07-19,83.8,83.88,85.4,82,0.40%
2013-07-18,83.47,89.5,89.8,81,-6.21%
2013-07-17,89,88.55,90.08,88.01,0.51%
2013-07-16,88.55,91.31,91.75,87,-3.01%
2013-07-15,91.3,87.29,92.2,86.4,3.87%
2013-07-14,87.9,89.03,90,85.74,-1.23%
2013-07-13,88.99,87.18,90.09,82.3,2.29%
2013-07-12,87,83,95.89,82.5,5.45%
2013-07-11,82.5,80.5,84.1,78.22,2.88%
2013-07-10,80.19,71.79,81.99,70.33,10.99%
2013-07-09,72.25,72.74,73.4,68.35,-1.16%
2013-07-08,73.1,74,77.53,69,-1.22%
2013-07-07,74,65.5,75,64.12,12.98%
2013-07-06,65.5,66.5,72.1,63.5,-1.35%
2013-07-05,66.4,79.64,79.7,63.32,-16.25%
2013-07-04,79.28,77.4,82,72.45,2.37%
2013-07-03,77.45,85.4,86.09,76,-9.31%
2013-07-02,85.4,81.01,86.6,80.25,5.42%
2013-07-01,81.01,90.21,91.97,75.57,-10.20%
2013-06-30,90.21,89.45,91.49,89,0.68%
2013-06-29,89.6,88.97,92,86.8,0.69%
2013-06-28,88.99,95.49,95.8,87.05,-6.52%
2013-06-27,95.2,98,98.18,95.14,-2.86%
2013-06-26,98,98,98.99,97,0.00%
2013-06-25,98,96.49,102,96,1.84%
2013-06-24,96.23,100.73,101.7,92.2,-4.88%
2013-06-23,101.16,102.2,102.93,99.49,-0.54%
2013-06-22,101.71,105.63,105.9,100.51,-3.72%
2013-06-21,105.63,106.51,108,102.83,-0.74%
2013-06-20,106.42,105.23,108,104.22,1.14%
2013-06-19,105.22,104.6,107.5,103.5,0.31%
2013-06-18,104.9,101.83,110,101.39,3.49%
2013-06-17,101.36,100.33,103,99.4,1.16%
2013-06-16,100.2,100.51,101.48,99.41,-0.31%
2013-06-15,100.51,99.99,102.9,97.68,0.51%
2013-06-14,100,105.71,106.1,99.4,-5.22%
2013-06-13,105.5,107.89,109.24,100.8,-1.95%
2013-06-12,107.6,108.42,110,106.98,-0.37%
2013-06-11,108,105.11,109.13,104.51,2.74%
2013-06-10,105.12,103,107.77,94,2.56%
2013-06-09,102.5,109.37,109.37,91.14,-6.28%
2013-06-08,109.37,111.8,112,107.01,-2.17%
2013-06-07,111.8,118.23,119,109.5,-5.48%
2013-06-06,118.28,120.5,120.6,117.9,-1.83%
2013-06-05,120.49,119.7,121.16,117.9,0.66%
2013-06-04,119.7,119.67,123.07,118.22,0.03%
2013-06-03,119.67,121,121.58,115,-0.94%
2013-06-02,120.8,127.47,127.8,116,-5.23%
2013-06-01,127.47,126.35,127.48,125.51,0.89%
2013-05-31,126.35,126.5,127.57,125.3,-0.12%
2013-05-30,126.5,127.99,129.9,125.57,-0.91%
2013-05-29,127.66,125.2,129.48,123.94,1.96%
2013-05-28,125.2,126.25,127.3,122.01,-1.53%
2013-05-27,127.15,129.58,131.01,120,-1.86%
2013-05-26,129.56,127.94,130.96,127.03,1.66%
2013-05-25,127.44,128.01,128.92,125.4,-0.60%
2013-05-24,128.21,121,129.94,120.13,6.23%
2013-05-23,120.69,116.7,121.2,116.6,3.42%
2013-05-22,116.7,116.67,117.99,115.15,-0.14%
2013-05-21,116.87,113.69,116.9,113,2.79%
2013-05-20,113.7,112.7,114.39,112,1.37%
2013-05-19,112.16,113.65,114.4,111,-1.29%
2013-05-18,113.63,112,114.5,111.71,1.38%
2013-05-17,112.08,108.9,114.35,107,2.83%
2013-05-16,109,105,109.12,104.8,3.82%
2013-05-15,104.99,104.15,110.69,97.01,0.81%
2013-05-14,104.15,113.12,114.42,103.33,-8.00%
2013-05-13,113.2,111.28,114.01,110.86,1.73%
2013-05-12,111.28,112.2,113.5,108.6,-0.82%
2013-05-11,112.19,112.81,113.75,110,-0.70%
2013-05-10,112.99,108.09,115.58,108,4.55%
2013-05-09,108.07,108.77,109.5,105.99,-1.08%
2013-05-08,109.25,109.94,113.29,107.26,-0.64%
2013-05-07,109.95,110.8,111,96.99,-0.95%
2013-05-06,111,115.01,120.99,103.66,-3.49%
2013-05-05,115.01,111.49,118.05,107,3.16%
2013-05-04,111.49,98.59,116,93.01,13.08%
2013-05-03,98.59,106.8,108,79.74,-7.69%
2013-05-02,106.8,116.08,125.93,95.11,-8.00%
2013-05-01,116.08,133.24,133.86,95,-13.26%
2013-04-30,133.83,135.2,135.98,129.01,-1.01%
2013-04-29,135.2,125.99,136.9,125.5,7.32%
2013-04-28,125.98,122.11,131.5,121.59,2.73%
2013-04-27,122.63,130,131.74,119.01,-5.67%
2013-04-26,130,135.89,136.76,117,-4.33%
2013-04-25,135.89,143.59,150,120,-5.30%
2013-04-24,143.5,126.1,154.99,123.2,13.80%
2013-04-23,126.1,115.46,126.9,113.25,9.18%
2013-04-22,115.5,111.57,117.15,110.06,3.12%
2013-04-21,112,116.59,119.93,96,-3.94%
2013-04-20,116.6,112.36,119.99,108.06,3.73%
2013-04-19,112.4,101,127,97,10.21%
2013-04-18,101.99,87.37,105.96,81.78,16.73%
2013-04-17,87.37,68.01,94.99,64.21,29.29%
2013-04-16,67.57,82.51,84,51,-18.10%
2013-04-15,82.51,91.7,99,69.9,-10.02%
2013-04-14,91.7,92,102.02,90,-0.31%
2013-04-13,91.98,104.89,117.7,84.5,-12.31%
2013-04-12,104.89,80,131,53,31.11%
2013-04-11,80,161,184,53,-50.31%
2013-04-10,161,217,259,100,-25.21%
2013-04-09,215.26,175.53,230,175.5,22.64%
2013-04-08,175.52,151.6,184.5,150.1,16.12%
2013-04-07,151.16,133,155,132.99,12.80%
2013-04-06,134.01,134.22,139,131.12,-0.15%
2013-04-05,134.21,123.12,137,122.28,9.01%
2013-04-04,123.12,124.01,133.5,106.55,-0.71%
2013-04-03,124,116,149,100.01,6.90%
2013-04-02,116,99.5,116,97,16.58%
2013-04-01,99.5,89.93,99.8,88.42,10.19%
2013-03-31,90.3,87.8,90.5,87.8,2.84%
2013-03-30,87.81,87.1,90,86,0.81%
2013-03-29,87.1,86.18,91,83,-0.11%
2013-03-28,87.2,84.3,93.2,70,3.54%
2013-03-27,84.21,74.26,85.9,73.64,14.57%
2013-03-26,73.51,69.9,74.99,69.5,4.56%
2013-03-25,70.3,67.99,74,67.46,3.38%
2013-03-24,68,61.54,68,58.63,10.51%
2013-03-23,61.53,65.7,66.25,50,-6.06%
2013-03-22,65.5,65.98,68.66,62.7,-0.75%
2013-03-21,66,61.98,70,61.25,7.31%
2013-03-20,61.5,54,65,53.2,13.16%
2013-03-19,54.35,48.41,54.53,47.85,11.79%
2013-03-18,48.62,43.9,49.64,43.72,10.77%
2013-03-17,43.89,43.97,44.47,43.7,-0.96%
2013-03-16,44.32,44,44.4,43.66,0.97%
2013-03-15,43.89,43.3,44.5,42.5,1.36%
2013-03-14,43.3,43.39,44.49,43.1,-0.11%
2013-03-13,43.35,42.22,44.89,42.22,2.65%
2013-03-12,42.23,45.99,46,36.2,-8.07%
2013-03-11,45.94,44.3,45.99,44.28,3.59%
2013-03-10,44.35,44.49,45,44.01,-0.30%
2013-03-09,44.48,41.88,44.48,41.46,6.90%
2013-03-08,41.61,40.97,42.32,39.8,1.53%
2013-03-07,40.98,39,44,33.5,5.07%
2013-03-06,39,38.97,45,38.75,0.09%
2013-03-05,38.96,34.29,39.09,34.29,12.61%
2013-03-04,34.6,32.11,34.8,31.89,7.77%
2013-03-03,32.1,32.81,32.99,32.05,-2.52%
2013-03-02,32.93,33.3,33.5,32.67,-1.69%
2013-03-01,33.5,32.97,33.53,32.3,3.28%
2013-02-28,32.44,30.3,33.42,30,7.06%
2013-02-27,30.3,29.4,30.49,29.22,3.40%
2013-02-26,29.3,28.98,29.84,28.81,1.03%
2013-02-25,29,28.6,29.98,28.31,1.55%
2013-02-24,28.56,28.99,29.3,28.07,-1.52%
2013-02-23,29,29.02,29.9,25.41,0.00%
2013-02-22,29,29.31,30.2,29,-1.36%
2013-02-21,29.4,29.16,29.41,29,0.80%
2013-02-20,29.17,28.72,29.3,28.56,1.14%
2013-02-19,28.84,26.55,28.9,26.35,8.62%
2013-02-18,26.55,26.5,26.55,25.75,0.22%
2013-02-17,26.49,26.6,26.7,25.28,-0.39%
2013-02-16,26.6,26.49,26.67,26.2,0.40%
2013-02-15,26.49,26.31,27,25.36,0.70%
2013-02-14,26.31,24.33,26.7,21.84,9.15%
2013-02-13,24.1,24.19,25.99,24.1,-0.36%
2013-02-12,24.19,24.02,25.3,23.92,-0.22%
2013-02-11,24.24,23.32,24.24,23.23,4.39%
2013-02-10,23.22,23.3,23.4,22.38,-0.13%
2013-02-09,23.25,22.34,23.49,22.09,4.29%
2013-02-08,22.3,21.69,22.35,21.6,2.78%
2013-02-07,21.69,20.75,21.7,20.4,4.54%
2013-02-06,20.75,20.2,20.87,20.15,3.12%
2013-02-05,20.12,20.1,20.3,19.85,0.07%
2013-02-04,20.11,20.32,20.6,19.64,-1.48%
2013-02-03,20.41,19.64,20.48,19.21,3.59%
2013-02-02,19.7,20.35,20.35,18.3,-3.80%
2013-02-01,20.48,19.96,20.6,19.96,1.94%
2013-01-31,20.09,19.34,21.11,19,5.18%
2013-01-30,19.1,18.85,19.35,18.56,1.33%
2013-01-29,18.85,18.23,19.2,18.14,3.82%
2013-01-28,18.16,17.27,18.22,17.27,4.94%
2013-01-27,17.3,17.25,17.6,16.9,0.31%
2013-01-26,17.25,17.08,17.25,16.5,1.44%
2013-01-25,17,16.65,17.5,15.21,1.87%
2013-01-24,16.69,17.18,18.8,15.8,-2.37%
2013-01-23,17.1,16.95,17.2,16.3,-0.20%
2013-01-22,17.13,16.2,17.49,16.13,5.75%
2013-01-21,16.2,15.44,16.6,15.36,5.33%
2013-01-20,15.38,15.29,15.5,15.1,0.61%
2013-01-19,15.29,15.28,15.44,15.06,0.03%
2013-01-18,15.28,15.32,15.78,15.1,-0.25%
2013-01-17,15.32,14.39,15.32,14.35,6.42%
2013-01-16,14.4,14,14.4,13.93,3.33%
2013-01-15,13.93,14,14.06,13.9,-0.76%
2013-01-14,14.04,13.92,14.04,13.8,0.85%
2013-01-13,13.92,13.92,14,13.9,0.00%
2013-01-12,13.92,14.04,14.1,13.9,-0.85%
2013-01-11,14.04,13.93,14.1,13.82,0.73%
2013-01-10,13.94,13.56,14.16,13.51,2.31%
2013-01-09,13.62,13.58,13.79,13.48,0.78%
2013-01-08,13.52,13.29,13.65,13.24,2.18%
2013-01-07,13.23,13.09,13.29,13.07,0.77%
2013-01-06,13.13,13.11,13.19,13.07,0.12%
2013-01-05,13.11,13.23,13.24,13.09,-0.87%
2013-01-04,13.23,13.21,13.24,13.15,0.16%
2013-01-03,13.21,13.22,13.24,13.12,-0.06%
2013-01-02,13.22,13.2,13.25,13.16,0.11%
2013-01-01,13.2,13.28,13.4,13.13,-0.62%
2012-12-31,13.28,13.25,13.34,13.15,0.74%
2012-12-30,13.19,13.16,13.3,13.11,0.25%
2012-12-29,13.15,13.21,13.33,13.12,-0.20%
2012-12-28,13.18,13.09,13.22,13.06,0.69%
2012-12-27,13.09,13.1,13.19,13.05,-0.11%
2012-12-26,13.1,13.15,13.19,13.05,-0.05%
2012-12-25,13.11,13.13,13.25,13.05,-0.15%
2012-12-24,13.13,13.07,13.18,13,0.47%
2012-12-23,13.07,13.2,13.2,12.95,-0.69%
2012-12-22,13.16,13.19,13.23,13,-0.23%
2012-12-21,13.19,13.21,13.21,12.92,0.08%
2012-12-20,13.18,13,13.23,12.88,0.84%
2012-12-19,13.07,13.1,13.15,12.89,0.54%
2012-12-18,13,13.25,13.25,12.91,-1.92%
2012-12-17,13.25,13.33,13.89,12.63,-1.81%
2012-12-16,13.5,13.35,13.5,13.13,1.11%
2012-12-15,13.35,13.39,13.44,13.31,0.36%
2012-12-14,13.3,13.42,13.55,13.3,-0.70%
2012-12-13,13.4,13.4,13.5,13.35,-0.39%
2012-12-12,13.45,13.31,13.51,13.3,0.46%
2012-12-11,13.39,13.21,13.39,13.13,1.05%
2012-12-10,13.25,13.09,13.25,12.98,1.22%
2012-12-09,13.09,13.1,13.19,12.91,-0.10%
2012-12-08,13.1,13.2,13.3,13.1,-0.73%
2012-12-07,13.2,13.18,13.5,12.8,0.14%
2012-12-06,13.18,13.1,13.69,13.05,0.60%
2012-12-05,13.1,13.15,13.28,12.92,-0.36%
2012-12-04,13.15,12.29,13.3,12.26,6.57%
2012-12-03,12.34,12.24,12.35,12.24,0.80%
2012-12-02,12.24,12.3,12.4,12.22,-0.47%
2012-12-01,12.3,12.35,12.4,12.23,0.30%
2012-11-30,12.26,12.07,12.39,12.07,0.93%
2012-11-29,12.15,12.03,12.3,11.99,0.66%
2012-11-28,12.07,11.96,12.2,11.95,0.58%
2012-11-27,12,11.89,12.35,11.41,0.93%
2012-11-26,11.89,12.39,12.4,11.88,-2.96%
2012-11-25,12.25,12.15,12.4,12.11,0.44%
2012-11-24,12.2,12.1,12.2,11.94,0.82%
2012-11-23,12.1,12.09,12.1,11.89,0.58%
2012-11-22,12.03,11.62,12.2,11.61,3.62%
2012-11-21,11.61,11.6,11.78,11.6,0.06%
2012-11-20,11.6,11.59,11.75,11.59,0.11%
2012-11-19,11.59,11.56,11.8,11.52,0.26%
2012-11-18,11.56,11.54,11.65,11.47,0.86%
2012-11-17,11.46,11.55,11.64,11.2,-0.25%
2012-11-16,11.49,10.85,11.64,10.76,5.90%
2012-11-15,10.85,10.69,10.97,10.67,1.02%
2012-11-14,10.74,10.7,10.75,10.66,0.70%
2012-11-13,10.66,10.73,10.79,10.6,-0.79%
2012-11-12,10.75,10.52,10.79,10.34,2.20%
2012-11-11,10.52,10.66,10.69,10.35,-1.32%
2012-11-10,10.66,10.61,10.7,10.55,0.66%
2012-11-09,10.59,10.55,10.7,10.47,0.37%
2012-11-08,10.55,10.75,10.75,10.4,-1.90%
2012-11-07,10.76,10.66,10.79,10.5,0.96%
2012-11-06,10.65,10.5,10.69,10.4,1.49%
2012-11-05,10.5,10.38,10.5,10.19,1.41%
2012-11-04,10.35,10.35,10.45,10,0.00%
2012-11-03,10.35,10.26,10.4,10,0.88%
2012-11-02,10.26,10.7,10.7,10.1,-4.08%
2012-11-01,10.7,10.92,11.1,10.5,-3.03%
2012-10-31,11.03,10.6,11.03,10.52,5.17%
2012-10-30,10.49,10.4,10.6,10.24,0.47%
2012-10-29,10.44,10.35,10.44,10.11,0.92%
2012-10-28,10.35,10,10.35,9.86,3.46%
2012-10-27,10,9.83,10.43,9.32,2.18%
2012-10-26,9.79,10.23,10.5,8.89,-4.36%
2012-10-25,10.23,11.42,11.45,9.92,-10.24%
2012-10-24,11.4,11.46,11.5,11.3,-0.52%
2012-10-23,11.46,11.19,11.54,11.08,2.41%
2012-10-22,11.19,11.39,11.5,11.13,-1.39%
2012-10-21,11.35,11.48,11.52,11.31,-1.32%
2012-10-20,11.5,11.5,11.61,11.3,0.00%
2012-10-19,11.5,11.61,11.7,11.3,-0.91%
2012-10-18,11.61,11.63,11.75,11.53,0.23%
2012-10-17,11.58,11.75,11.8,11.1,-1.46%
2012-10-16,11.75,11.57,11.75,11.5,1.71%
2012-10-15,11.55,11.56,11.7,11.3,-0.21%
2012-10-14,11.58,11.63,11.96,11.57,-1.06%
2012-10-13,11.7,11.92,11.95,11.58,-1.85%
2012-10-12,11.92,11.86,12,11.75,0.50%
2012-10-11,11.86,11.9,12,11.75,-0.38%
2012-10-10,11.91,12,12.3,11.77,-0.53%
2012-10-09,11.97,11.67,12.18,11.67,2.31%
2012-10-08,11.7,11.97,12,10.6,-0.84%
2012-10-07,11.8,12.39,12.39,11.7,-4.76%
2012-10-06,12.39,12.55,12.62,12.36,-1.31%
2012-10-05,12.55,12.6,12.7,12.41,-0.37%
2012-10-04,12.6,12.55,12.8,12.46,0.40%
2012-10-03,12.55,12.27,12.55,12.2,2.03%
2012-10-02,12.3,11.95,12.37,11.94,2.90%
2012-10-01,11.95,12.1,12.17,11.93,-1.70%
2012-09-30,12.16,12.17,12.25,12.08,-0.10%
2012-09-29,12.17,12.1,12.31,12.03,0.18%
2012-09-28,12.15,12.06,12.25,12.02,-0.23%
2012-09-27,12.18,12.03,12.2,11.95,1.22%
2012-09-26,12.03,11.84,12.2,11.79,1.53%
2012-09-25,11.85,11.8,11.99,11.7,0.56%
2012-09-24,11.78,11.98,12,11.63,-1.14%
2012-09-23,11.92,11.98,12,11.57,-0.49%
2012-09-22,11.98,12.11,12.2,11.93,-1.78%
2012-09-21,12.2,12.35,12.5,11.86,-1.29%
2012-09-20,12.36,12.42,12.57,12.23,0.03%
2012-09-19,12.35,12.1,12.44,11.95,3.33%
2012-09-18,11.95,11.62,12.1,11.59,2.61%
2012-09-17,11.65,11.7,11.83,11.55,-0.01%
2012-09-16,11.65,11.5,11.88,11.41,1.31%
2012-09-15,11.5,11.64,11.64,11.35,-0.86%
2012-09-14,11.6,11.19,11.65,11.19,3.65%
2012-09-13,11.19,11.28,11.29,11.19,-0.75%
2012-09-12,11.28,11.01,11.28,10.79,2.42%
2012-09-11,11.01,10.95,11.1,10.8,0.50%
2012-09-10,10.95,10.88,11.1,10.88,1.21%
2012-09-09,10.82,11.01,11.09,10.7,-1.65%
2012-09-08,11.01,11,11.1,10.69,0.02%
2012-09-07,11,11.08,11.22,10.81,-0.67%
2012-09-06,11.08,10.78,11.3,10.6,2.38%
2012-09-05,10.82,10.17,10.9,10.05,5.14%
2012-09-04,10.29,10.32,10.39,10,-1.31%
2012-09-03,10.43,10.12,10.48,10,2.32%
2012-09-02,10.19,10,10.5,9.72,2.43%
2012-09-01,9.95,10.05,10.25,9.5,-0.50%
2012-08-31,10,10.75,10.75,9.7,-7.62%
2012-08-30,10.82,10.65,10.82,10.5,1.17%
2012-08-29,10.7,10.8,11.03,10.65,-0.94%
2012-08-28,10.8,11,11.5,10.5,-0.91%
2012-08-27,10.9,10.56,12.2,10.56,3.26%
2012-08-26,10.56,10.52,10.65,10.52,-0.23%
2012-08-25,10.58,10.61,10.75,10.07,-1.20%
2012-08-24,10.71,9.9,10.75,9.81,9.16%
2012-08-23,9.81,9.82,10.1,9.8,-0.12%
2012-08-22,9.82,9.85,10.33,9.65,-0.28%
2012-08-21,9.85,9.7,10.19,9.3,1.55%
2012-08-20,9.7,7.85,10.4,7.54,23.57%
2012-08-19,7.85,11.3,11.6,7.54,-30.56%
2012-08-18,11.3,12.6,13.47,10.78,-1.62%
2012-08-17,11.49,13.15,15.3,10.83,-13.60%
2012-08-16,13.3,13.2,13.39,12.58,1.51%
2012-08-15,13.1,12.04,13.4,12.04,8.81%
2012-08-14,12.04,11.7,12.1,11.7,2.46%
2012-08-13,11.75,11.49,11.75,11.3,2.98%
2012-08-12,11.41,11.28,11.5,11.28,1.14%
2012-08-11,11.28,11.17,11.31,11.1,-0.01%
2012-08-10,11.28,11,11.4,10.8,2.56%
2012-08-09,11,10.82,12,10.8,1.70%
2012-08-08,10.82,10.74,10.9,10.64,0.73%
2012-08-07,10.74,10.59,10.75,10.42,0.50%
2012-08-06,10.69,10.34,10.88,10.2,3.35%
2012-08-05,10.34,10.58,10.62,10.04,-2.30%
2012-08-04,10.58,10.85,11,10.4,-0.93%
2012-08-03,10.68,10.38,11.09,10.04,4.72%
2012-08-02,10.2,9.35,10.4,9.1,9.10%
2012-08-01,9.35,9.18,9.39,9.01,2.16%
2012-07-31,9.15,8.85,9.9,8.85,3.38%
2012-07-30,8.85,8.58,8.98,8.37,3.16%
2012-07-29,8.58,8.61,8.71,8.57,-0.38%
2012-07-28,8.61,8.66,8.73,8.61,-1.28%
2012-07-27,8.73,8.7,8.75,8.5,0.31%
2012-07-26,8.7,8.51,8.71,8.42,2.21%
2012-07-25,8.51,8.45,8.61,8.3,0.90%
2012-07-24,8.44,8.4,8.55,8.25,-0.62%
2012-07-23,8.49,8.44,8.5,7.8,4.79%
2012-07-22,8.1,8.5,8.55,8.1,-3.81%
2012-07-21,8.42,8.4,8.89,7.89,0.12%
2012-07-20,8.41,8.8,9.03,7.82,-6.94%
2012-07-19,9.04,8.9,9.08,8.8,1.55%
2012-07-18,8.9,8.6,9.15,8.39,5.33%
2012-07-17,8.45,8.08,9,7.67,4.58%
2012-07-16,8.08,7.44,8.08,7.41,9.04%
2012-07-15,7.41,7.49,7.49,7.36,-1.07%
2012-07-14,7.49,7.49,7.54,7.4,1.12%
2012-07-13,7.41,7.5,7.7,7.3,-1.23%
2012-07-12,7.5,6.95,7.5,6.94,6.84%
2012-07-11,7.02,7,7.13,6.92,0.27%
2012-07-10,7,6.6,7.14,6.55,6.06%
2012-07-09,6.6,6.65,6.75,6.54,-0.65%
2012-07-08,6.64,6.72,6.74,6.55,0.33%
2012-07-07,6.62,6.55,6.74,6.5,1.91%
2012-07-06,6.5,6.49,6.57,6.43,-0.58%
2012-07-05,6.53,6.39,6.6,6.35,2.13%
2012-07-04,6.4,6.4,6.5,6.32,0.00%
2012-07-03,6.4,6.63,6.64,6.31,-3.19%
2012-07-02,6.61,6.6,6.69,6.5,0.15%
2012-07-01,6.6,6.61,6.64,6.6,-0.02%
2012-06-30,6.6,6.61,6.65,6.6,0.02%
2012-06-29,6.6,6.47,6.6,6.4,2.18%
2012-06-28,6.46,6.55,6.58,6.43,-1.40%
2012-06-27,6.55,6.25,6.6,6.2,4.82%
2012-06-26,6.25,6.2,6.4,6.19,0.90%
2012-06-25,6.19,6.2,6.28,5.92,-0.10%
2012-06-24,6.2,6.22,6.4,6.01,-0.80%
2012-06-23,6.25,6.46,6.46,6.2,-3.22%
2012-06-22,6.46,6.59,6.65,6.4,-1.40%
2012-06-21,6.55,6.51,6.7,6.45,-0.74%
2012-06-20,6.6,6.3,6.86,6.27,5.30%
2012-06-19,6.27,6.22,6.45,6.16,0.53%
2012-06-18,6.23,6.1,6.32,5.99,2.20%
2012-06-17,6.1,6.38,6.4,5.8,-2.56%
2012-06-16,6.26,6.5,6.65,6.13,-3.66%
2012-06-15,6.5,5.86,6.5,5.76,11.08%
2012-06-14,5.85,5.84,5.88,5.65,2.63%
2012-06-13,5.7,5.52,5.9,5.52,3.32%
2012-06-12,5.52,5.5,5.7,5.39,-1.43%
2012-06-11,5.6,5.3,5.7,5.25,5.62%
2012-06-10,5.3,5.45,5.46,5.16,-3.46%
2012-06-09,5.49,5.56,5.59,5.42,-1.29%
2012-06-08,5.56,5.45,5.8,5.43,1.66%
2012-06-07,5.47,5.33,5.5,5.32,2.70%
2012-06-06,5.33,5.29,5.37,5.27,0.66%
2012-06-05,5.29,5.15,5.4,5.13,3.30%
2012-06-04,5.12,5.1,5.18,5.09,0.43%
2012-06-03,5.1,5.13,5.13,5.09,0.26%
2012-06-02,5.09,5.15,5.15,5.09,-1.22%
2012-06-01,5.15,5.07,5.2,5.06,2.00%
2012-05-31,5.05,5.02,5.1,5.02,0.58%
2012-05-30,5.02,5.01,5.05,5.01,0.10%
2012-05-29,5.01,5.06,5.06,5,0.04%
2012-05-28,5.01,5,5.1,5,0.22%
2012-05-27,5,4.98,5.03,4.94,0.24%
2012-05-26,4.99,5.01,5.03,4.98,-0.40%
2012-05-25,5.01,5.03,5.04,4.99,-0.48%
2012-05-24,5.03,5,5.03,4.98,1.19%
2012-05-23,4.97,4.99,5.05,4.97,-0.10%
2012-05-22,4.98,4.96,5.01,4.96,0.00%
2012-05-21,4.98,4.98,5.02,4.95,-0.20%
2012-05-20,4.99,5.01,5.01,4.97,-0.36%
2012-05-19,5.01,4.99,5.02,4.95,0.38%
2012-05-18,4.99,5,5.02,4.93,-0.18%
2012-05-17,5,4.98,5,4.96,0.36%
2012-05-16,4.98,4.9,5,4.84,1.84%
2012-05-15,4.89,4.87,4.94,4.85,-0.20%
2012-05-14,4.9,4.84,4.95,4.83,1.24%
2012-05-13,4.84,4.9,4.93,4.84,0.39%
2012-05-12,4.82,4.85,5.08,4.8,0.44%
2012-05-11,4.8,4.88,4.9,4.75,-1.64%
2012-05-10,4.88,4.92,4.97,4.87,-0.81%
2012-05-09,4.92,4.9,4.97,4.9,0.00%
2012-05-08,4.92,4.97,5,4.9,-1.01%
2012-05-07,4.97,4.93,5,4.91,0.18%
2012-05-06,4.96,4.9,5.2,4.87,1.24%
2012-05-05,4.9,4.96,5,4.86,-1.29%
2012-05-04,4.96,5,5.04,4.94,-0.72%
2012-05-03,5,4.96,5,4.93,0.81%
2012-05-02,4.96,4.86,5.1,4.86,2.37%
2012-05-01,4.84,4.92,4.93,4.82,-1.48%
2012-04-30,4.92,4.82,4.92,4.8,2.03%
2012-04-29,4.82,4.94,4.94,4.82,-2.37%
2012-04-28,4.94,5,5.04,4.85,-1.24%
2012-04-27,5,5,5,4.93,-0.02%
2012-04-26,5,5.05,5.07,4.93,-1.65%
2012-04-25,5.08,5,5.09,4.95,1.68%
2012-04-24,5,5.03,5.07,4.87,-1.50%
2012-04-23,5.08,5.07,5.1,5.03,0.32%
2012-04-22,5.06,5.18,5.23,5.03,-1.75%
2012-04-21,5.15,5.3,5.35,5.08,-3.74%
2012-04-20,5.35,4.99,5.38,4.95,7.21%
2012-04-19,4.99,5.12,5.15,4.93,-2.54%
2012-04-18,5.12,4.93,5.12,4.93,4.09%
2012-04-17,4.92,4.83,4.93,4.79,1.11%
2012-04-16,4.86,4.81,4.87,4.77,-0.08%
2012-04-15,4.87,4.85,4.87,4.75,1.23%
2012-04-14,4.81,4.8,4.95,4.77,0.15%
2012-04-13,4.8,4.8,4.83,4.5,2.15%
2012-04-12,4.7,4.77,4.84,4.69,-1.84%
2012-04-11,4.79,4.66,4.83,4.66,2.90%
2012-04-10,4.66,4.59,4.76,4.48,1.42%
2012-04-09,4.59,4.45,4.6,4.41,0.88%
2012-04-08,4.55,4.5,4.67,4.41,1.34%
2012-04-07,4.49,4.84,4.85,4.49,-6.48%
2012-04-06,4.8,4.8,4.85,4.77,0.02%
2012-04-05,4.8,4.78,4.82,4.71,0.42%
2012-04-04,4.78,4.8,4.85,4.71,-0.60%
2012-04-03,4.81,4.77,4.88,4.64,-0.02%
2012-04-02,4.81,4.57,4.85,4.4,5.71%
2012-04-01,4.55,4.6,4.63,4.49,-0.20%
2012-03-31,4.56,4.65,4.7,4.51,-1.96%
2012-03-30,4.65,4.5,4.65,4.41,3.33%
2012-03-29,4.5,4.5,4.65,4.31,0.00%
2012-03-28,4.5,4.45,4.7,4.43,0.00%
2012-03-27,4.5,4.39,4.5,4.34,2.48%
2012-03-26,4.39,4.35,4.46,4.27,2.07%
2012-03-25,4.3,4.44,4.54,4.22,-3.54%
2012-03-24,4.46,4.58,4.62,4.38,0.88%
2012-03-23,4.42,4.52,4.54,4.35,-2.19%
2012-03-22,4.52,4.58,4.61,4.45,-1.53%
2012-03-21,4.59,4.56,4.7,4.56,-2.28%
2012-03-20,4.7,4.64,4.7,4.51,1.25%
2012-03-19,4.64,4.81,4.92,4.58,-5.67%
2012-03-18,4.92,5.03,5.03,4.8,-2.32%
2012-03-17,5.03,4.85,5.04,4.85,2.36%
2012-03-16,4.92,4.79,4.99,4.79,2.69%
2012-03-15,4.79,4.9,4.96,4.7,-2.30%
2012-03-14,4.9,4.77,5.2,4.72,3.79%
2012-03-13,4.72,4.41,4.97,4.41,7.10%
2012-03-12,4.41,4.44,4.57,4.4,-1.98%
2012-03-11,4.5,4.46,4.55,4.35,0.90%
2012-03-10,4.46,4.37,4.51,4.19,-0.22%
2012-03-09,4.47,4.67,4.67,4.36,-3.46%
2012-03-08,4.63,4.52,4.73,4.51,2.43%
2012-03-07,4.52,4.83,4.84,4.45,0.42%
2012-03-06,4.5,4.5,4.9,4.35,0.04%
2012-03-05,4.5,4.38,4.5,4.23,1.19%
2012-03-04,4.45,4.27,4.45,4.25,4.12%
2012-03-03,4.27,4.3,4.41,4.22,-3.17%
2012-03-02,4.41,4.37,4.49,4.16,-1.91%
2012-03-01,4.5,4.43,4.55,4.3,1.49%
2012-02-29,4.43,4.51,4.55,4.15,-2.62%
2012-02-28,4.55,4.56,4.6,4.43,1.09%
2012-02-27,4.5,4.6,4.7,4.5,-4.26%
2012-02-26,4.7,4.5,4.7,4.45,4.40%
2012-02-25,4.5,4.51,4.65,4.5,-0.18%
2012-02-24,4.51,4.55,4.7,4.35,0.00%
2012-02-23,4.51,4.22,4.6,4.18,6.12%
2012-02-22,4.25,4.25,4.28,4.1,1.80%
2012-02-21,4.18,4.15,4.47,4.02,-9.02%
2012-02-20,4.59,4.15,4.6,4,15.30%
2012-02-19,3.98,4.1,4.34,3.9,-2.95%
2012-02-18,4.1,4.1,4.36,4.1,-1.18%
2012-02-17,4.15,4.07,4.6,4.07,1.22%
2012-02-16,4.1,4.36,4.49,4,-5.75%
2012-02-15,4.35,4.58,5.25,4.35,-11.21%
2012-02-14,4.9,5.18,5.35,3.88,-5.42%
2012-02-13,5.18,5.39,5.41,5.18,-3.88%
2012-02-12,5.39,5.61,5.68,5.36,-3.85%
2012-02-11,5.61,5.8,5.84,5.61,-1.49%
2012-02-10,5.69,5.6,5.8,5.51,2.50%
2012-02-09,5.55,5.41,5.7,5.41,2.57%
2012-02-08,5.41,5.34,5.67,5.18,4.08%
2012-02-07,5.2,5.23,5.45,5.15,-1.65%
2012-02-06,5.29,5.41,5.65,5.2,-2.27%
2012-02-05,5.41,5.79,5.9,5.35,-6.53%
2012-02-04,5.79,5.8,5.92,5.71,-0.24%
2012-02-03,5.8,5.89,5.98,5.61,-1.66%
2012-02-02,5.9,5.61,5.98,5.35,5.36%
2012-02-01,5.6,5.35,5.82,5.22,4.67%
2012-01-31,5.35,5.29,5.4,5.17,1.19%
2012-01-30,5.29,5.15,5.45,5.15,3.44%
2012-01-29,5.11,5.02,6.1,5,1.81%
2012-01-28,5.02,5,5.44,5,0.40%
2012-01-27,5,5.3,5.3,4.9,-7.58%
2012-01-26,5.41,5.7,5.83,5.4,-4.25%
2012-01-25,5.65,5.9,6.01,5.65,-5.83%
2012-01-24,6,6,6.1,5.8,2.88%
2012-01-23,5.83,6,6.25,5.8,-2.80%
2012-01-22,6,6,6.13,5.81,0.02%
2012-01-21,6,6.14,6.14,5.82,-2.28%
2012-01-20,6.14,6.26,6.26,5.91,-1.93%
2012-01-19,6.26,6.1,6.3,5.82,7.01%
2012-01-18,5.85,6.19,6.6,5.41,2.63%
2012-01-17,5.7,6.4,6.75,5.5,-10.94%
2012-01-16,6.4,6.84,6.9,6.38,-5.20%
2012-01-15,6.75,6.63,6.84,6.58,0.16%
2012-01-14,6.74,6.45,6.79,6.25,4.33%
2012-01-13,6.46,6.5,6.6,6.33,-0.62%
2012-01-12,6.5,6.42,6.67,6.37,1.21%
2012-01-11,6.42,6.32,6.76,6.31,1.61%
2012-01-10,6.32,6.2,6.5,6.2,1.92%
2012-01-09,6.2,6.72,7.01,6.2,-6.06%
2012-01-08,6.6,6.17,6.73,6.16,3.19%
2012-01-07,6.4,6.48,6.48,6.15,-1.28%
2012-01-06,6.48,6.76,7,6.11,-4.13%
2012-01-05,6.76,5.59,6.9,5.59,20.96%
2012-01-04,5.59,4.81,5.59,4.75,17.15%
2012-01-03,4.77,5.07,5.22,4.7,-5.82%
2012-01-02,5.07,5.29,5.35,4.71,6.41%
2012-01-01,4.76,4.52,5.5,4.52,2.41%
2011-12-31,4.65,4.25,4.8,4,14.45%
2011-12-30,4.06,4.06,4.29,3.99,0.00%
2011-12-29,4.06,4.1,4.29,4.06,-0.95%
2011-12-28,4.1,3.92,4.2,3.9,4.59%
2011-12-27,3.92,3.89,4.01,3.75,-1.26%
2011-12-26,3.97,4.05,4.25,3.85,-2.00%
2011-12-25,4.05,3.85,4.23,3.85,5.28%
2011-12-24,3.85,3.9,3.93,3.8,-1.33%
2011-12-23,3.9,3.77,4.3,3.77,0.85%
2011-12-22,3.87,3.85,3.9,3.63,0.44%
2011-12-21,3.85,4,4,3.67,0.94%
2011-12-20,3.81,3.5,4.49,3.5,5.94%
2011-12-19,3.6,3.17,3.65,3.15,13.56%
2011-12-18,3.17,3.14,3.2,3.14,0.32%
2011-12-17,3.16,3.16,3.26,3.11,0.10%
2011-12-16,3.16,3.09,3.16,3.04,3.81%
2011-12-15,3.04,3.13,3.16,3.01,-2.81%
2011-12-14,3.13,3.02,3.19,2.97,3.27%
2011-12-13,3.03,3.08,3.08,2.95,-2.23%
2011-12-12,3.1,3.22,3.22,2.96,-1.96%
2011-12-11,3.16,2.91,3.23,2.84,10.52%
2011-12-10,2.86,2.7,2.92,2.7,5.85%
2011-12-09,2.7,2.82,2.94,2.7,-5.85%
2011-12-08,2.87,2.75,2.94,2.67,4.36%
2011-12-07,2.75,2.84,2.84,2.63,-3.51%
2011-12-06,2.85,2.85,2.97,2.74,3.90%
2011-12-05,2.74,2.73,2.89,2.6,0.33%
2011-12-04,2.73,2.77,3.03,2.5,-1.51%
2011-12-03,2.78,2.99,3.2,2.77,-8.98%
2011-12-02,3.05,3.02,3.05,2.9,0.00%
2011-12-01,3.05,2.89,3.05,2.76,9.24%
2011-11-30,2.79,2.8,2.95,2.71,3.29%
2011-11-29,2.7,2.44,2.99,2.43,8.12%
2011-11-28,2.5,2.47,2.59,2.4,1.21%
2011-11-27,2.47,2.43,2.48,2.37,2.49%
2011-11-26,2.41,2.3,2.45,2.3,4.78%
2011-11-25,2.3,2.29,2.48,2.29,0.44%
2011-11-24,2.29,2.3,2.39,2.15,-0.43%
2011-11-23,2.3,2.2,2.34,2.11,0.88%
2011-11-22,2.28,2.28,2.3,2.1,3.68%
2011-11-21,2.2,2.19,2.3,2,0.50%
2011-11-20,2.19,2.13,2.2,2.01,6.21%
2011-11-19,2.06,2.11,2.19,2,-1.90%
2011-11-18,2.1,2.25,2.3,2,-6.67%
2011-11-17,2.25,2.56,2.56,2,-13.43%
2011-11-16,2.6,2.32,2.6,2.3,12.03%
2011-11-15,2.32,2.3,2.75,2.25,1.31%
2011-11-14,2.29,2.88,2.88,2.15,-23.08%
2011-11-13,2.98,2.9,3,2.86,2.66%
2011-11-12,2.9,3,3.03,2.8,-3.30%
2011-11-11,3,2.83,3,2.73,5.97%
2011-11-10,2.83,2.93,2.93,2.72,-3.41%
2011-11-09,2.93,2.98,2.99,2.8,-2.01%
2011-11-08,2.99,3.02,3.22,2.8,-0.86%
2011-11-07,3.02,2.97,3.05,2.8,1.65%
2011-11-06,2.97,2.98,3,2.88,-0.44%
2011-11-05,2.98,3.1,3.21,2.9,-0.73%
2011-11-04,3,3.2,3.27,3,-6.19%
2011-11-03,3.2,3.2,3.39,3.16,-0.87%
2011-11-02,3.23,3.15,3.39,3.15,4.74%
2011-11-01,3.08,3.22,3.45,3.08,-4.43%
2011-10-31,3.22,3.15,3.44,3.09,-1.38%
2011-10-30,3.27,3.65,3.67,3.11,-8.04%
2011-10-29,3.56,3.12,3.65,3.01,18.10%
2011-10-28,3.01,2.89,3.19,2.79,3.83%
2011-10-27,2.9,2.74,3,2.69,5.65%
2011-10-26,2.74,2.8,2.85,2.62,1.67%
2011-10-25,2.7,2.5,2.95,2.5,5.88%
2011-10-24,2.55,3,3.1,2.55,-15.00%
2011-10-23,3,3.06,3.33,2.92,-1.80%
2011-10-22,3.06,2.5,3.46,2.5,22.20%
2011-10-21,2.5,2.34,2.65,2.33,7.34%
2011-10-20,2.33,2.2,2.35,2,5.86%
2011-10-19,2.2,2.59,2.59,2,-15.03%
2011-10-18,2.59,2.43,2.82,2.41,7.87%
2011-10-17,2.4,3.59,3.72,2.21,-33.15%
2011-10-16,3.59,3.84,3.94,3.33,-6.53%
2011-10-15,3.84,4.05,4.08,3.79,0.79%
2011-10-14,3.81,3.9,4.09,3.7,-2.31%
2011-10-13,3.9,3.9,4.15,3.9,-1.71%
2011-10-12,3.97,3.92,3.97,3.8,1.35%
2011-10-11,3.92,4.1,4.17,3.92,-4.49%
2011-10-10,4.1,4.01,4.19,3.91,0.00%
2011-10-09,4.1,4.2,4.23,3.9,-1.20%
2011-10-08,4.15,4.22,4.3,3.8,0.00%
2011-10-07,4.15,4.55,4.68,4.1,-11.13%
2011-10-06,4.67,4.7,4.71,4.45,-0.64%
2011-10-05,4.7,4.74,4.75,4.51,-1.05%
2011-10-04,4.75,4.85,4.99,4.6,-2.86%
2011-10-03,4.89,4.95,5,4.62,-1.21%
2011-10-02,4.95,5,5,4.9,-1.00%
2011-10-01,5,5.05,5.1,4.8,-1.96%
2011-09-30,5.1,4.56,5.1,4.56,11.84%
2011-09-29,4.56,4.52,4.56,4.46,0.88%
2011-09-28,4.52,4.61,5.02,4.46,-1.95%
2011-09-27,4.61,4.7,5.25,4.48,0.22%
2011-09-26,4.6,5.19,5.2,4.4,-9.80%
2011-09-25,5.1,5.15,5.25,4.61,-2.82%
2011-09-24,5.25,5.3,5.35,5,-0.98%
2011-09-23,5.3,5.2,5.5,5,-0.75%
2011-09-22,5.34,5.5,5.6,4.92,-2.89%
2011-09-21,5.5,5.65,5.93,5,-5.19%
2011-09-20,5.8,5.5,6.5,5.31,5.84%
2011-09-19,5.48,4.78,5.9,4.5,14.17%
2011-09-18,4.8,4.5,5.44,4.4,6.67%
2011-09-17,4.5,4.5,4.78,4.35,0.00%
2011-09-16,4.5,4.7,5.2,4.23,-4.26%
2011-09-15,4.7,5.5,5.5,4.47,-12.96%
2011-09-14,5.4,5.7,5.75,4.5,-3.57%
2011-09-13,5.6,5.7,6,5.2,1.82%
2011-09-12,5.5,5.92,6.04,5.5,-8.35%
2011-09-11,6,4.75,6.66,4.52,27.68%
2011-09-10,4.7,5.4,5.5,4.7,-14.55%
2011-09-09,5.5,6.5,6.7,4.51,-15.38%
2011-09-08,6.5,6.81,7,6.17,-8.45%
2011-09-07,7.1,6.6,7.12,6.52,4.41%
2011-09-06,6.8,7.6,7.6,6.52,-11.11%
2011-09-05,7.65,8.21,8.21,7.55,-6.88%
2011-09-04,8.22,8.5,8.7,8.21,-4.04%
2011-09-03,8.56,8.5,8.75,8.4,0.72%
2011-09-02,8.5,8.11,8.5,8.01,4.80%
2011-09-01,8.11,8.16,8.37,8.01,0.01%
2011-08-31,8.11,8.5,8.8,8.11,-7.84%
2011-08-30,8.8,8.7,9,8.5,1.15%
2011-08-29,8.7,8.6,9,8.6,1.16%
2011-08-28,8.6,8.5,8.8,8.5,-2.27%
2011-08-27,8.8,8,9,8,10.00%
2011-08-26,8,9.55,9.55,8,-17.10%
2011-08-25,9.65,10.7,10.7,9.51,-9.81%
2011-08-24,10.7,10.61,10.98,10.5,-0.47%
2011-08-23,10.75,10.9,11.1,10.5,-1.38%
2011-08-22,10.9,11.1,11.25,10.71,-1.00%
2011-08-21,11.01,11.1,12,10.88,-2.48%
2011-08-20,11.29,10.72,11.43,10.71,-0.09%
2011-08-19,11.3,10.5,11.4,10.5,7.72%
2011-08-18,10.49,10.3,10.88,10.3,-0.10%
2011-08-17,10.5,10.83,11,10,-5.41%
2011-08-16,11.1,11.2,11.47,10.82,-6.72%
2011-08-15,11.9,11,11.9,10,19.00%